DATAFLOW,LAST UPDATE,freq,siec,partner,unit,geo,TIME_PERIOD,OBS_VALUE,OBS_FLAG,CONF_STATUS
ESTAT:NRG_TI_GASM(1.0),12/11/25 11:00:00,Monthly,Natural gas,Russia,Million cubic metres,Germany,2019-01,5127.000,,
ESTAT:NRG_TI_GASM(1.0),12/11/25 11:00:00,Monthly,Natural gas,Russia,Million cubic metres,Germany,2019-02,4549.000,,
ESTAT:NRG_TI_GASM(1.0),12/11/25 11:00:00,Monthly,Natural gas,Russia,Million cubic metres,Germany,2019-03,5023.000,,
ESTAT:NRG_TI_GASM(1.0),12/11/25 11:00:00,Monthly,Natural gas,Russia,Million cubic metres,Germany,2019-04,5098.000,,
ESTAT:NRG_TI_GASM(1.0),12/11/25 11:00:00,Monthly,Natural gas,Russia,Million cubic metres,Germany,2019-05,5019.000,,
ESTAT:NRG_TI_GASM(1.0),12/11/25 11:00:00,Monthly,Natural gas,Russia,Million cubic metres,Germany,2019-06,4776.000,,
ESTAT:NRG_TI_GASM(1.0),12/11/25 11:00:00,Monthly,Natural gas,Russia,Million cubic metres,Germany,2019-07,3177.000,,
ESTAT:NRG_TI_GASM(1.0),12/11/25 11:00:00,Monthly,Natural gas,Russia,Million cubic metres,Germany,2019-08,4765.000,,
ESTAT:NRG_TI_GASM(1.0),12/11/25 11:00:00,Monthly,Natural gas,Russia,Million cubic metres,Germany,2019-09,4719.000,,
ESTAT:NRG_TI_GASM(1.0),12/11/25 11:00:00,Monthly,Natural gas,Russia,Million cubic metres,Germany,2019-10,4883.000,,
ESTAT:NRG_TI_GASM(1.0),12/11/25 11:00:00,Monthly,Natural gas,Russia,Million cubic metres,Germany,2019-11,4839.000,,
ESTAT:NRG_TI_GASM(1.0),12/11/25 11:00:00,Monthly,Natural gas,Russia,Million cubic metres,Germany,2019-12,5019.000,,
ESTAT:NRG_TI_GASM(1.0),12/11/25 11:00:00,Monthly,Natural gas,Russia,Million cubic metres,Germany,2020-01,5087.701,,
ESTAT:NRG_TI_GASM(1.0),12/11/25 11:00:00,Monthly,Natural gas,Russia,Million cubic metres,Germany,2020-02,4735.069,,
ESTAT:NRG_TI_GASM(1.0),12/11/25 11:00:00,Monthly,Natural gas,Russia,Million cubic metres,Germany,2020-03,5025.489,,
ESTAT:NRG_TI_GASM(1.0),12/11/25 11:00:00,Monthly,Natural gas,Russia,Million cubic metres,Germany,2020-04,4860.468,,
ESTAT:NRG_TI_GASM(1.0),12/11/25 11:00:00,Monthly,Natural gas,Russia,Million cubic metres,Germany,2020-05,5023.006,,
ESTAT:NRG_TI_GASM(1.0),12/11/25 11:00:00,Monthly,Natural gas,Russia,Million cubic metres,Germany,2020-06,4973.164,,
ESTAT:NRG_TI_GASM(1.0),12/11/25 11:00:00,Monthly,Natural gas,Russia,Million cubic metres,Germany,2020-07,3046.470,,
ESTAT:NRG_TI_GASM(1.0),12/11/25 11:00:00,Monthly,Natural gas,Russia,Million cubic metres,Germany,2020-08,5025.071,,
ESTAT:NRG_TI_GASM(1.0),12/11/25 11:00:00,Monthly,Natural gas,Russia,Million cubic metres,Germany,2020-09,4821.036,,
ESTAT:NRG_TI_GASM(1.0),12/11/25 11:00:00,Monthly,Natural gas,Russia,Million cubic metres,Germany,2020-10,5068.080,,
ESTAT:NRG_TI_GASM(1.0),12/11/25 11:00:00,Monthly,Natural gas,Russia,Million cubic metres,Germany,2020-11,4908.671,,
ESTAT:NRG_TI_GASM(1.0),12/11/25 11:00:00,Monthly,Natural gas,Russia,Million cubic metres,Germany,2020-12,5147.778,,
ESTAT:NRG_TI_GASM(1.0),12/11/25 11:00:00,Monthly,Natural gas,Russia,Million cubic metres,Germany,2021-01,5231.082,,
ESTAT:NRG_TI_GASM(1.0),12/11/25 11:00:00,Monthly,Natural gas,Russia,Million cubic metres,Germany,2021-02,4632.046,,
ESTAT:NRG_TI_GASM(1.0),12/11/25 11:00:00,Monthly,Natural gas,Russia,Million cubic metres,Germany,2021-03,5055.982,,
ESTAT:NRG_TI_GASM(1.0),12/11/25 11:00:00,Monthly,Natural gas,Russia,Million cubic metres,Germany,2021-04,4885.920,,
ESTAT:NRG_TI_GASM(1.0),12/11/25 11:00:00,Monthly,Natural gas,Russia,Million cubic metres,Germany,2021-05,5026.483,,
ESTAT:NRG_TI_GASM(1.0),12/11/25 11:00:00,Monthly,Natural gas,Russia,Million cubic metres,Germany,2021-06,4763.817,,
ESTAT:NRG_TI_GASM(1.0),12/11/25 11:00:00,Monthly,Natural gas,Russia,Million cubic metres,Germany,2021-07,3269.762,,
ESTAT:NRG_TI_GASM(1.0),12/11/25 11:00:00,Monthly,Natural gas,Russia,Million cubic metres,Germany,2021-08,5005.853,,
ESTAT:NRG_TI_GASM(1.0),12/11/25 11:00:00,Monthly,Natural gas,Russia,Million cubic metres,Germany,2021-09,4869.683,,
ESTAT:NRG_TI_GASM(1.0),12/11/25 11:00:00,Monthly,Natural gas,Russia,Million cubic metres,Germany,2021-10,5012.221,,
ESTAT:NRG_TI_GASM(1.0),12/11/25 11:00:00,Monthly,Natural gas,Russia,Million cubic metres,Germany,2021-11,5017.635,,
ESTAT:NRG_TI_GASM(1.0),12/11/25 11:00:00,Monthly,Natural gas,Russia,Million cubic metres,Germany,2021-12,5192.534,,
ESTAT:NRG_TI_GASM(1.0),12/11/25 11:00:00,Monthly,Natural gas,Russia,Million cubic metres,Germany,2022-01,4771.900,,
ESTAT:NRG_TI_GASM(1.0),12/11/25 11:00:00,Monthly,Natural gas,Russia,Million cubic metres,Germany,2022-02,4488.998,,
ESTAT:NRG_TI_GASM(1.0),12/11/25 11:00:00,Monthly,Natural gas,Russia,Million cubic metres,Germany,2022-03,4852.934,,
ESTAT:NRG_TI_GASM(1.0),12/11/25 11:00:00,Monthly,Natural gas,Russia,Million cubic metres,Germany,2022-04,4819.831,,
ESTAT:NRG_TI_GASM(1.0),12/11/25 11:00:00,Monthly,Natural gas,Russia,Million cubic metres,Germany,2022-05,5000.845,,
ESTAT:NRG_TI_GASM(1.0),12/11/25 11:00:00,Monthly,Natural gas,Russia,Million cubic metres,Germany,2022-06,3048.891,,
ESTAT:NRG_TI_GASM(1.0),12/11/25 11:00:00,Monthly,Natural gas,Russia,Million cubic metres,Germany,2022-07,1196.241,,
ESTAT:NRG_TI_GASM(1.0),12/11/25 11:00:00,Monthly,Natural gas,Russia,Million cubic metres,Germany,2022-08,952.901,,
ESTAT:NRG_TI_GASM(1.0),12/11/25 11:00:00,Monthly,Natural gas,Russia,Million cubic metres,Germany,2022-09,0.000,,
ESTAT:NRG_TI_GASM(1.0),12/11/25 11:00:00,Monthly,Natural gas,Russia,Million cubic metres,Germany,2022-10,0.070,,
ESTAT:NRG_TI_GASM(1.0),12/11/25 11:00:00,Monthly,Natural gas,Russia,Million cubic metres,Germany,2022-11,0.000,,
ESTAT:NRG_TI_GASM(1.0),12/11/25 11:00:00,Monthly,Natural gas,Russia,Million cubic metres,Germany,2022-12,0.000,,
ESTAT:NRG_TI_GASM(1.0),12/11/25 11:00:00,Monthly,Natural gas,Russia,Million cubic metres,Germany,2023-01,0.000,,
ESTAT:NRG_TI_GASM(1.0),12/11/25 11:00:00,Monthly,Natural gas,Russia,Million cubic metres,Germany,2023-02,0.000,,
ESTAT:NRG_TI_GASM(1.0),12/11/25 11:00:00,Monthly,Natural gas,Russia,Million cubic metres,Germany,2023-03,0.000,,
ESTAT:NRG_TI_GASM(1.0),12/11/25 11:00:00,Monthly,Natural gas,Russia,Million cubic metres,Germany,2023-04,0.000,,
ESTAT:NRG_TI_GASM(1.0),12/11/25 11:00:00,Monthly,Natural gas,Russia,Million cubic metres,Germany,2023-05,0.000,,
ESTAT:NRG_TI_GASM(1.0),12/11/25 11:00:00,Monthly,Natural gas,Russia,Million cubic metres,Germany,2023-06,0.000,,
ESTAT:NRG_TI_GASM(1.0),12/11/25 11:00:00,Monthly,Natural gas,Russia,Million cubic metres,Germany,2023-07,0.000,,
ESTAT:NRG_TI_GASM(1.0),12/11/25 11:00:00,Monthly,Natural gas,Russia,Million cubic metres,Germany,2023-08,0.000,,
ESTAT:NRG_TI_GASM(1.0),12/11/25 11:00:00,Monthly,Natural gas,Russia,Million cubic metres,Germany,2023-09,0.000,,
ESTAT:NRG_TI_GASM(1.0),12/11/25 11:00:00,Monthly,Natural gas,Russia,Million cubic metres,Germany,2023-10,0.000,,
ESTAT:NRG_TI_GASM(1.0),12/11/25 11:00:00,Monthly,Natural gas,Russia,Million cubic metres,Germany,2023-11,0.000,,
ESTAT:NRG_TI_GASM(1.0),12/11/25 11:00:00,Monthly,Natural gas,Russia,Million cubic metres,Germany,2023-12,0.000,,
ESTAT:NRG_TI_GASM(1.0),12/11/25 11:00:00,Monthly,Natural gas,Russia,Million cubic metres,Germany,2024-01,0.000,,
ESTAT:NRG_TI_GASM(1.0),12/11/25 11:00:00,Monthly,Natural gas,Russia,Million cubic metres,Germany,2024-02,0.000,,
ESTAT:NRG_TI_GASM(1.0),12/11/25 11:00:00,Monthly,Natural gas,Russia,Million cubic metres,Germany,2024-03,0.000,,
ESTAT:NRG_TI_GASM(1.0),12/11/25 11:00:00,Monthly,Natural gas,Russia,Million cubic metres,Germany,2024-04,0.000,,
ESTAT:NRG_TI_GASM(1.0),12/11/25 11:00:00,Monthly,Natural gas,Russia,Million cubic metres,Germany,2024-05,0.000,,
ESTAT:NRG_TI_GASM(1.0),12/11/25 11:00:00,Monthly,Natural gas,Russia,Million cubic metres,Germany,2024-06,0.000,,
ESTAT:NRG_TI_GASM(1.0),12/11/25 11:00:00,Monthly,Natural gas,Russia,Million cubic metres,Germany,2024-07,0.000,,
ESTAT:NRG_TI_GASM(1.0),12/11/25 11:00:00,Monthly,Natural gas,Russia,Million cubic metres,Germany,2024-08,0.000,,
ESTAT:NRG_TI_GASM(1.0),12/11/25 11:00:00,Monthly,Natural gas,Russia,Million cubic metres,Germany,2024-09,0.000,,
ESTAT:NRG_TI_GASM(1.0),12/11/25 11:00:00,Monthly,Natural gas,Russia,Million cubic metres,Germany,2024-10,0.000,,
ESTAT:NRG_TI_GASM(1.0),12/11/25 11:00:00,Monthly,Natural gas,Russia,Million cubic metres,Germany,2024-11,0.000,,
ESTAT:NRG_TI_GASM(1.0),12/11/25 11:00:00,Monthly,Natural gas,Russia,Million cubic metres,Germany,2024-12,0.000,,
ESTAT:NRG_TI_GASM(1.0),12/11/25 11:00:00,Monthly,Natural gas,Russia,Million cubic metres,Germany,2025-01,0.000,,
ESTAT:NRG_TI_GASM(1.0),12/11/25 11:00:00,Monthly,Natural gas,Russia,Million cubic metres,Germany,2025-02,0.000,,
ESTAT:NRG_TI_GASM(1.0),12/11/25 11:00:00,Monthly,Natural gas,Russia,Million cubic metres,Germany,2025-03,0.000,,
ESTAT:NRG_TI_GASM(1.0),12/11/25 11:00:00,Monthly,Natural gas,Russia,Million cubic metres,Germany,2025-04,0.000,,
ESTAT:NRG_TI_GASM(1.0),12/11/25 11:00:00,Monthly,Natural gas,Russia,Million cubic metres,Germany,2025-05,0.000,,
ESTAT:NRG_TI_GASM(1.0),12/11/25 11:00:00,Monthly,Natural gas,Russia,Million cubic metres,Germany,2025-06,0.000,,
ESTAT:NRG_TI_GASM(1.0),12/11/25 11:00:00,Monthly,Natural gas,Russia,Million cubic metres,Germany,2025-07,0.000,,
ESTAT:NRG_TI_GASM(1.0),12/11/25 11:00:00,Monthly,Natural gas,Russia,Million cubic metres,Germany,2025-08,0.000,,
ESTAT:NRG_TI_GASM(1.0),12/11/25 11:00:00,Monthly,Natural gas,Russia,Million cubic metres,Denmark,2019-01,0.000,,
ESTAT:NRG_TI_GASM(1.0),12/11/25 11:00:00,Monthly,Natural gas,Russia,Million cubic metres,Denmark,2019-02,0.000,,
ESTAT:NRG_TI_GASM(1.0),12/11/25 11:00:00,Monthly,Natural gas,Russia,Million cubic metres,Denmark,2019-03,0.000,,
ESTAT:NRG_TI_GASM(1.0),12/11/25 11:00:00,Monthly,Natural gas,Russia,Million cubic metres,Denmark,2019-04,0.000,,
ESTAT:NRG_TI_GASM(1.0),12/11/25 11:00:00,Monthly,Natural gas,Russia,Million cubic metres,Denmark,2019-05,0.000,,
ESTAT:NRG_TI_GASM(1.0),12/11/25 11:00:00,Monthly,Natural gas,Russia,Million cubic metres,Denmark,2019-06,0.000,,
ESTAT:NRG_TI_GASM(1.0),12/11/25 11:00:00,Monthly,Natural gas,Russia,Million cubic metres,Denmark,2019-07,0.000,,
ESTAT:NRG_TI_GASM(1.0),12/11/25 11:00:00,Monthly,Natural gas,Russia,Million cubic metres,Denmark,2019-08,0.000,,
ESTAT:NRG_TI_GASM(1.0),12/11/25 11:00:00,Monthly,Natural gas,Russia,Million cubic metres,Denmark,2019-09,0.000,,
ESTAT:NRG_TI_GASM(1.0),12/11/25 11:00:00,Monthly,Natural gas,Russia,Million cubic metres,Denmark,2019-10,0.000,,
ESTAT:NRG_TI_GASM(1.0),12/11/25 11:00:00,Monthly,Natural gas,Russia,Million cubic metres,Denmark,2019-11,0.000,,
ESTAT:NRG_TI_GASM(1.0),12/11/25 11:00:00,Monthly,Natural gas,Russia,Million cubic metres,Denmark,2019-12,0.000,,
ESTAT:NRG_TI_GASM(1.0),12/11/25 11:00:00,Monthly,Natural gas,Russia,Million cubic metres,Denmark,2020-01,0.000,,
ESTAT:NRG_TI_GASM(1.0),12/11/25 11:00:00,Monthly,Natural gas,Russia,Million cubic metres,Denmark,2020-02,0.000,,
ESTAT:NRG_TI_GASM(1.0),12/11/25 11:00:00,Monthly,Natural gas,Russia,Million cubic metres,Denmark,2020-03,0.000,,
ESTAT:NRG_TI_GASM(1.0),12/11/25 11:00:00,Monthly,Natural gas,Russia,Million cubic metres,Denmark,2020-04,0.000,,
ESTAT:NRG_TI_GASM(1.0),12/11/25 11:00:00,Monthly,Natural gas,Russia,Million cubic metres,Denmark,2020-05,0.000,,
ESTAT:NRG_TI_GASM(1.0),12/11/25 11:00:00,Monthly,Natural gas,Russia,Million cubic metres,Denmark,2020-06,0.000,,
ESTAT:NRG_TI_GASM(1.0),12/11/25 11:00:00,Monthly,Natural gas,Russia,Million cubic metres,Denmark,2020-07,0.000,,
ESTAT:NRG_TI_GASM(1.0),12/11/25 11:00:00,Monthly,Natural gas,Russia,Million cubic metres,Denmark,2020-08,0.000,,
ESTAT:NRG_TI_GASM(1.0),12/11/25 11:00:00,Monthly,Natural gas,Russia,Million cubic metres,Denmark,2020-09,0.000,,
ESTAT:NRG_TI_GASM(1.0),12/11/25 11:00:00,Monthly,Natural gas,Russia,Million cubic metres,Denmark,2020-10,0.000,,
ESTAT:NRG_TI_GASM(1.0),12/11/25 11:00:00,Monthly,Natural gas,Russia,Million cubic metres,Denmark,2020-11,0.000,,
ESTAT:NRG_TI_GASM(1.0),12/11/25 11:00:00,Monthly,Natural gas,Russia,Million cubic metres,Denmark,2020-12,0.000,,
ESTAT:NRG_TI_GASM(1.0),12/11/25 11:00:00,Monthly,Natural gas,Russia,Million cubic metres,Denmark,2021-01,0.000,,
ESTAT:NRG_TI_GASM(1.0),12/11/25 11:00:00,Monthly,Natural gas,Russia,Million cubic metres,Denmark,2021-02,0.000,,
ESTAT:NRG_TI_GASM(1.0),12/11/25 11:00:00,Monthly,Natural gas,Russia,Million cubic metres,Denmark,2021-03,0.000,,
ESTAT:NRG_TI_GASM(1.0),12/11/25 11:00:00,Monthly,Natural gas,Russia,Million cubic metres,Denmark,2021-04,0.000,,
ESTAT:NRG_TI_GASM(1.0),12/11/25 11:00:00,Monthly,Natural gas,Russia,Million cubic metres,Denmark,2021-05,0.000,,
ESTAT:NRG_TI_GASM(1.0),12/11/25 11:00:00,Monthly,Natural gas,Russia,Million cubic metres,Denmark,2021-06,0.000,,
ESTAT:NRG_TI_GASM(1.0),12/11/25 11:00:00,Monthly,Natural gas,Russia,Million cubic metres,Denmark,2021-07,0.000,,
ESTAT:NRG_TI_GASM(1.0),12/11/25 11:00:00,Monthly,Natural gas,Russia,Million cubic metres,Denmark,2021-08,0.000,,
ESTAT:NRG_TI_GASM(1.0),12/11/25 11:00:00,Monthly,Natural gas,Russia,Million cubic metres,Denmark,2021-09,0.000,,
ESTAT:NRG_TI_GASM(1.0),12/11/25 11:00:00,Monthly,Natural gas,Russia,Million cubic metres,Denmark,2021-10,0.000,,
ESTAT:NRG_TI_GASM(1.0),12/11/25 11:00:00,Monthly,Natural gas,Russia,Million cubic metres,Denmark,2021-11,0.000,,
ESTAT:NRG_TI_GASM(1.0),12/11/25 11:00:00,Monthly,Natural gas,Russia,Million cubic metres,Denmark,2021-12,0.000,,
ESTAT:NRG_TI_GASM(1.0),12/11/25 11:00:00,Monthly,Natural gas,Russia,Million cubic metres,Denmark,2022-01,0.000,,
ESTAT:NRG_TI_GASM(1.0),12/11/25 11:00:00,Monthly,Natural gas,Russia,Million cubic metres,Denmark,2022-02,0.000,,
ESTAT:NRG_TI_GASM(1.0),12/11/25 11:00:00,Monthly,Natural gas,Russia,Million cubic metres,Denmark,2022-03,0.000,,
ESTAT:NRG_TI_GASM(1.0),12/11/25 11:00:00,Monthly,Natural gas,Russia,Million cubic metres,Denmark,2022-04,0.000,,
ESTAT:NRG_TI_GASM(1.0),12/11/25 11:00:00,Monthly,Natural gas,Russia,Million cubic metres,Denmark,2022-05,0.000,,
ESTAT:NRG_TI_GASM(1.0),12/11/25 11:00:00,Monthly,Natural gas,Russia,Million cubic metres,Denmark,2022-06,0.000,,
ESTAT:NRG_TI_GASM(1.0),12/11/25 11:00:00,Monthly,Natural gas,Russia,Million cubic metres,Denmark,2022-07,0.000,,
ESTAT:NRG_TI_GASM(1.0),12/11/25 11:00:00,Monthly,Natural gas,Russia,Million cubic metres,Denmark,2022-08,0.000,,
ESTAT:NRG_TI_GASM(1.0),12/11/25 11:00:00,Monthly,Natural gas,Russia,Million cubic metres,Denmark,2022-09,0.000,,
ESTAT:NRG_TI_GASM(1.0),12/11/25 11:00:00,Monthly,Natural gas,Russia,Million cubic metres,Denmark,2022-10,0.000,,
ESTAT:NRG_TI_GASM(1.0),12/11/25 11:00:00,Monthly,Natural gas,Russia,Million cubic metres,Denmark,2022-11,0.000,,
ESTAT:NRG_TI_GASM(1.0),12/11/25 11:00:00,Monthly,Natural gas,Russia,Million cubic metres,Denmark,2022-12,0.000,,
ESTAT:NRG_TI_GASM(1.0),12/11/25 11:00:00,Monthly,Natural gas,Russia,Million cubic metres,Denmark,2023-01,0.000,,
ESTAT:NRG_TI_GASM(1.0),12/11/25 11:00:00,Monthly,Natural gas,Russia,Million cubic metres,Denmark,2023-02,0.000,,
ESTAT:NRG_TI_GASM(1.0),12/11/25 11:00:00,Monthly,Natural gas,Russia,Million cubic metres,Denmark,2023-03,0.000,,
ESTAT:NRG_TI_GASM(1.0),12/11/25 11:00:00,Monthly,Natural gas,Russia,Million cubic metres,Denmark,2023-04,0.000,,
ESTAT:NRG_TI_GASM(1.0),12/11/25 11:00:00,Monthly,Natural gas,Russia,Million cubic metres,Denmark,2023-05,0.000,,
ESTAT:NRG_TI_GASM(1.0),12/11/25 11:00:00,Monthly,Natural gas,Russia,Million cubic metres,Denmark,2023-06,0.000,,
ESTAT:NRG_TI_GASM(1.0),12/11/25 11:00:00,Monthly,Natural gas,Russia,Million cubic metres,Denmark,2023-07,0.000,,
ESTAT:NRG_TI_GASM(1.0),12/11/25 11:00:00,Monthly,Natural gas,Russia,Million cubic metres,Denmark,2023-08,0.000,,
ESTAT:NRG_TI_GASM(1.0),12/11/25 11:00:00,Monthly,Natural gas,Russia,Million cubic metres,Denmark,2023-09,0.000,,
ESTAT:NRG_TI_GASM(1.0),12/11/25 11:00:00,Monthly,Natural gas,Russia,Million cubic metres,Denmark,2023-10,0.000,,
ESTAT:NRG_TI_GASM(1.0),12/11/25 11:00:00,Monthly,Natural gas,Russia,Million cubic metres,Denmark,2023-11,0.000,,
ESTAT:NRG_TI_GASM(1.0),12/11/25 11:00:00,Monthly,Natural gas,Russia,Million cubic metres,Denmark,2023-12,0.000,,
ESTAT:NRG_TI_GASM(1.0),12/11/25 11:00:00,Monthly,Natural gas,Russia,Million cubic metres,Denmark,2024-01,0.000,,
ESTAT:NRG_TI_GASM(1.0),12/11/25 11:00:00,Monthly,Natural gas,Russia,Million cubic metres,Denmark,2024-02,0.000,,
ESTAT:NRG_TI_GASM(1.0),12/11/25 11:00:00,Monthly,Natural gas,Russia,Million cubic metres,Denmark,2024-03,0.000,,
ESTAT:NRG_TI_GASM(1.0),12/11/25 11:00:00,Monthly,Natural gas,Russia,Million cubic metres,Denmark,2024-04,0.000,,
ESTAT:NRG_TI_GASM(1.0),12/11/25 11:00:00,Monthly,Natural gas,Russia,Million cubic metres,Denmark,2024-05,0.000,,
ESTAT:NRG_TI_GASM(1.0),12/11/25 11:00:00,Monthly,Natural gas,Russia,Million cubic metres,Denmark,2024-06,0.000,,
ESTAT:NRG_TI_GASM(1.0),12/11/25 11:00:00,Monthly,Natural gas,Russia,Million cubic metres,Denmark,2024-07,0.000,,
ESTAT:NRG_TI_GASM(1.0),12/11/25 11:00:00,Monthly,Natural gas,Russia,Million cubic metres,Denmark,2024-08,0.000,,
ESTAT:NRG_TI_GASM(1.0),12/11/25 11:00:00,Monthly,Natural gas,Russia,Million cubic metres,Denmark,2024-09,0.000,,
ESTAT:NRG_TI_GASM(1.0),12/11/25 11:00:00,Monthly,Natural gas,Russia,Million cubic metres,Denmark,2024-10,0.000,,
ESTAT:NRG_TI_GASM(1.0),12/11/25 11:00:00,Monthly,Natural gas,Russia,Million cubic metres,Denmark,2024-11,0.000,,
ESTAT:NRG_TI_GASM(1.0),12/11/25 11:00:00,Monthly,Natural gas,Russia,Million cubic metres,Denmark,2024-12,0.000,,
ESTAT:NRG_TI_GASM(1.0),12/11/25 11:00:00,Monthly,Natural gas,Russia,Million cubic metres,Denmark,2025-01,0.000,,
ESTAT:NRG_TI_GASM(1.0),12/11/25 11:00:00,Monthly,Natural gas,Russia,Million cubic metres,Denmark,2025-02,0.000,,
ESTAT:NRG_TI_GASM(1.0),12/11/25 11:00:00,Monthly,Natural gas,Russia,Million cubic metres,Denmark,2025-03,0.000,,
ESTAT:NRG_TI_GASM(1.0),12/11/25 11:00:00,Monthly,Natural gas,Russia,Million cubic metres,Denmark,2025-04,0.000,,
ESTAT:NRG_TI_GASM(1.0),12/11/25 11:00:00,Monthly,Natural gas,Russia,Million cubic metres,Denmark,2025-05,0.000,,
ESTAT:NRG_TI_GASM(1.0),12/11/25 11:00:00,Monthly,Natural gas,Russia,Million cubic metres,Denmark,2025-06,0.000,,
ESTAT:NRG_TI_GASM(1.0),12/11/25 11:00:00,Monthly,Natural gas,Russia,Million cubic metres,Denmark,2025-07,0.000,,
ESTAT:NRG_TI_GASM(1.0),12/11/25 11:00:00,Monthly,Natural gas,Russia,Million cubic metres,Denmark,2025-08,0.000,,
ESTAT:NRG_TI_GASM(1.0),12/11/25 11:00:00,Monthly,Natural gas,Russia,Million cubic metres,Denmark,2025-09,0.000,,
ESTAT:NRG_TI_GASM(1.0),12/11/25 11:00:00,Monthly,Natural gas,Russia,Million cubic metres,Spain,2019-01,91.000,,
ESTAT:NRG_TI_GASM(1.0),12/11/25 11:00:00,Monthly,Natural gas,Russia,Million cubic metres,Spain,2019-02,98.000,,
ESTAT:NRG_TI_GASM(1.0),12/11/25 11:00:00,Monthly,Natural gas,Russia,Million cubic metres,Spain,2019-03,0.000,,
ESTAT:NRG_TI_GASM(1.0),12/11/25 11:00:00,Monthly,Natural gas,Russia,Million cubic metres,Spain,2019-04,97.000,,
ESTAT:NRG_TI_GASM(1.0),12/11/25 11:00:00,Monthly,Natural gas,Russia,Million cubic metres,Spain,2019-05,205.000,,
ESTAT:NRG_TI_GASM(1.0),12/11/25 11:00:00,Monthly,Natural gas,Russia,Million cubic metres,Spain,2019-06,191.000,,
ESTAT:NRG_TI_GASM(1.0),12/11/25 11:00:00,Monthly,Natural gas,Russia,Million cubic metres,Spain,2019-07,567.000,,
ESTAT:NRG_TI_GASM(1.0),12/11/25 11:00:00,Monthly,Natural gas,Russia,Million cubic metres,Spain,2019-08,572.000,,
ESTAT:NRG_TI_GASM(1.0),12/11/25 11:00:00,Monthly,Natural gas,Russia,Million cubic metres,Spain,2019-09,665.000,,
ESTAT:NRG_TI_GASM(1.0),12/11/25 11:00:00,Monthly,Natural gas,Russia,Million cubic metres,Spain,2019-10,289.000,,
ESTAT:NRG_TI_GASM(1.0),12/11/25 11:00:00,Monthly,Natural gas,Russia,Million cubic metres,Spain,2019-11,103.000,,
ESTAT:NRG_TI_GASM(1.0),12/11/25 11:00:00,Monthly,Natural gas,Russia,Million cubic metres,Spain,2019-12,290.000,,
ESTAT:NRG_TI_GASM(1.0),12/11/25 11:00:00,Monthly,Natural gas,Russia,Million cubic metres,Spain,2020-01,292.000,,
ESTAT:NRG_TI_GASM(1.0),12/11/25 11:00:00,Monthly,Natural gas,Russia,Million cubic metres,Spain,2020-02,97.000,,
ESTAT:NRG_TI_GASM(1.0),12/11/25 11:00:00,Monthly,Natural gas,Russia,Million cubic metres,Spain,2020-03,476.000,,
ESTAT:NRG_TI_GASM(1.0),12/11/25 11:00:00,Monthly,Natural gas,Russia,Million cubic metres,Spain,2020-04,195.000,,
ESTAT:NRG_TI_GASM(1.0),12/11/25 11:00:00,Monthly,Natural gas,Russia,Million cubic metres,Spain,2020-05,195.000,,
ESTAT:NRG_TI_GASM(1.0),12/11/25 11:00:00,Monthly,Natural gas,Russia,Million cubic metres,Spain,2020-06,388.000,,
ESTAT:NRG_TI_GASM(1.0),12/11/25 11:00:00,Monthly,Natural gas,Russia,Million cubic metres,Spain,2020-07,286.000,,
ESTAT:NRG_TI_GASM(1.0),12/11/25 11:00:00,Monthly,Natural gas,Russia,Million cubic metres,Spain,2020-08,184.000,,
ESTAT:NRG_TI_GASM(1.0),12/11/25 11:00:00,Monthly,Natural gas,Russia,Million cubic metres,Spain,2020-09,471.000,,
ESTAT:NRG_TI_GASM(1.0),12/11/25 11:00:00,Monthly,Natural gas,Russia,Million cubic metres,Spain,2020-10,273.000,,
ESTAT:NRG_TI_GASM(1.0),12/11/25 11:00:00,Monthly,Natural gas,Russia,Million cubic metres,Spain,2020-11,385.000,,
ESTAT:NRG_TI_GASM(1.0),12/11/25 11:00:00,Monthly,Natural gas,Russia,Million cubic metres,Spain,2020-12,145.000,,
ESTAT:NRG_TI_GASM(1.0),12/11/25 11:00:00,Monthly,Natural gas,Russia,Million cubic metres,Spain,2021-01,234.867,,
ESTAT:NRG_TI_GASM(1.0),12/11/25 11:00:00,Monthly,Natural gas,Russia,Million cubic metres,Spain,2021-02,483.315,,
ESTAT:NRG_TI_GASM(1.0),12/11/25 11:00:00,Monthly,Natural gas,Russia,Million cubic metres,Spain,2021-03,287.278,,
ESTAT:NRG_TI_GASM(1.0),12/11/25 11:00:00,Monthly,Natural gas,Russia,Million cubic metres,Spain,2021-04,194.115,,
ESTAT:NRG_TI_GASM(1.0),12/11/25 11:00:00,Monthly,Natural gas,Russia,Million cubic metres,Spain,2021-05,192.364,,
ESTAT:NRG_TI_GASM(1.0),12/11/25 11:00:00,Monthly,Natural gas,Russia,Million cubic metres,Spain,2021-06,585.905,,
ESTAT:NRG_TI_GASM(1.0),12/11/25 11:00:00,Monthly,Natural gas,Russia,Million cubic metres,Spain,2021-07,196.019,,
ESTAT:NRG_TI_GASM(1.0),12/11/25 11:00:00,Monthly,Natural gas,Russia,Million cubic metres,Spain,2021-08,198.134,,
ESTAT:NRG_TI_GASM(1.0),12/11/25 11:00:00,Monthly,Natural gas,Russia,Million cubic metres,Spain,2021-09,0.000,,
ESTAT:NRG_TI_GASM(1.0),12/11/25 11:00:00,Monthly,Natural gas,Russia,Million cubic metres,Spain,2021-10,227.777,,
ESTAT:NRG_TI_GASM(1.0),12/11/25 11:00:00,Monthly,Natural gas,Russia,Million cubic metres,Spain,2021-11,320.520,,
ESTAT:NRG_TI_GASM(1.0),12/11/25 11:00:00,Monthly,Natural gas,Russia,Million cubic metres,Spain,2021-12,373.151,,
ESTAT:NRG_TI_GASM(1.0),12/11/25 11:00:00,Monthly,Natural gas,Russia,Million cubic metres,Spain,2022-01,193.763,,
ESTAT:NRG_TI_GASM(1.0),12/11/25 11:00:00,Monthly,Natural gas,Russia,Million cubic metres,Spain,2022-02,193.328,,
ESTAT:NRG_TI_GASM(1.0),12/11/25 11:00:00,Monthly,Natural gas,Russia,Million cubic metres,Spain,2022-03,291.518,,
ESTAT:NRG_TI_GASM(1.0),12/11/25 11:00:00,Monthly,Natural gas,Russia,Million cubic metres,Spain,2022-04,291.587,,
ESTAT:NRG_TI_GASM(1.0),12/11/25 11:00:00,Monthly,Natural gas,Russia,Million cubic metres,Spain,2022-05,387.573,,
ESTAT:NRG_TI_GASM(1.0),12/11/25 11:00:00,Monthly,Natural gas,Russia,Million cubic metres,Spain,2022-06,778.405,,
ESTAT:NRG_TI_GASM(1.0),12/11/25 11:00:00,Monthly,Natural gas,Russia,Million cubic metres,Spain,2022-07,472.898,,
ESTAT:NRG_TI_GASM(1.0),12/11/25 11:00:00,Monthly,Natural gas,Russia,Million cubic metres,Spain,2022-08,497.979,,
ESTAT:NRG_TI_GASM(1.0),12/11/25 11:00:00,Monthly,Natural gas,Russia,Million cubic metres,Spain,2022-09,476.327,,
ESTAT:NRG_TI_GASM(1.0),12/11/25 11:00:00,Monthly,Natural gas,Russia,Million cubic metres,Spain,2022-10,384.960,,
ESTAT:NRG_TI_GASM(1.0),12/11/25 11:00:00,Monthly,Natural gas,Russia,Million cubic metres,Spain,2022-11,445.010,,
ESTAT:NRG_TI_GASM(1.0),12/11/25 11:00:00,Monthly,Natural gas,Russia,Million cubic metres,Spain,2022-12,485.029,,
ESTAT:NRG_TI_GASM(1.0),12/11/25 11:00:00,Monthly,Natural gas,Russia,Million cubic metres,Spain,2023-01,566.760,,
ESTAT:NRG_TI_GASM(1.0),12/11/25 11:00:00,Monthly,Natural gas,Russia,Million cubic metres,Spain,2023-02,486.117,,
ESTAT:NRG_TI_GASM(1.0),12/11/25 11:00:00,Monthly,Natural gas,Russia,Million cubic metres,Spain,2023-03,485.618,,
ESTAT:NRG_TI_GASM(1.0),12/11/25 11:00:00,Monthly,Natural gas,Russia,Million cubic metres,Spain,2023-04,579.301,,
ESTAT:NRG_TI_GASM(1.0),12/11/25 11:00:00,Monthly,Natural gas,Russia,Million cubic metres,Spain,2023-05,859.450,,
ESTAT:NRG_TI_GASM(1.0),12/11/25 11:00:00,Monthly,Natural gas,Russia,Million cubic metres,Spain,2023-06,682.476,,
ESTAT:NRG_TI_GASM(1.0),12/11/25 11:00:00,Monthly,Natural gas,Russia,Million cubic metres,Spain,2023-07,779.494,,
ESTAT:NRG_TI_GASM(1.0),12/11/25 11:00:00,Monthly,Natural gas,Russia,Million cubic metres,Spain,2023-08,295.467,,
ESTAT:NRG_TI_GASM(1.0),12/11/25 11:00:00,Monthly,Natural gas,Russia,Million cubic metres,Spain,2023-09,289.854,,
ESTAT:NRG_TI_GASM(1.0),12/11/25 11:00:00,Monthly,Natural gas,Russia,Million cubic metres,Spain,2023-10,380.730,,
ESTAT:NRG_TI_GASM(1.0),12/11/25 11:00:00,Monthly,Natural gas,Russia,Million cubic metres,Spain,2023-11,572.729,,
ESTAT:NRG_TI_GASM(1.0),12/11/25 11:00:00,Monthly,Natural gas,Russia,Million cubic metres,Spain,2023-12,487.517,,
ESTAT:NRG_TI_GASM(1.0),12/11/25 11:00:00,Monthly,Natural gas,Russia,Million cubic metres,Spain,2024-01,772.692,,
ESTAT:NRG_TI_GASM(1.0),12/11/25 11:00:00,Monthly,Natural gas,Russia,Million cubic metres,Spain,2024-02,474.719,,
ESTAT:NRG_TI_GASM(1.0),12/11/25 11:00:00,Monthly,Natural gas,Russia,Million cubic metres,Spain,2024-03,665.931,,
ESTAT:NRG_TI_GASM(1.0),12/11/25 11:00:00,Monthly,Natural gas,Russia,Million cubic metres,Spain,2024-04,475.180,,
ESTAT:NRG_TI_GASM(1.0),12/11/25 11:00:00,Monthly,Natural gas,Russia,Million cubic metres,Spain,2024-05,570.644,,
ESTAT:NRG_TI_GASM(1.0),12/11/25 11:00:00,Monthly,Natural gas,Russia,Million cubic metres,Spain,2024-06,505.294,,
ESTAT:NRG_TI_GASM(1.0),12/11/25 11:00:00,Monthly,Natural gas,Russia,Million cubic metres,Spain,2024-07,677.518,,
ESTAT:NRG_TI_GASM(1.0),12/11/25 11:00:00,Monthly,Natural gas,Russia,Million cubic metres,Spain,2024-08,566.300,,
ESTAT:NRG_TI_GASM(1.0),12/11/25 11:00:00,Monthly,Natural gas,Russia,Million cubic metres,Spain,2024-09,299.574,,
ESTAT:NRG_TI_GASM(1.0),12/11/25 11:00:00,Monthly,Natural gas,Russia,Million cubic metres,Spain,2024-10,370.816,,
ESTAT:NRG_TI_GASM(1.0),12/11/25 11:00:00,Monthly,Natural gas,Russia,Million cubic metres,Spain,2024-11,569.595,,
ESTAT:NRG_TI_GASM(1.0),12/11/25 11:00:00,Monthly,Natural gas,Russia,Million cubic metres,Spain,2024-12,487.874,,
ESTAT:NRG_TI_GASM(1.0),12/11/25 11:00:00,Monthly,Natural gas,Russia,Million cubic metres,Spain,2025-01,574.919,,
ESTAT:NRG_TI_GASM(1.0),12/11/25 11:00:00,Monthly,Natural gas,Russia,Million cubic metres,Spain,2025-02,194.815,,
ESTAT:NRG_TI_GASM(1.0),12/11/25 11:00:00,Monthly,Natural gas,Russia,Million cubic metres,Spain,2025-03,390.769,,
ESTAT:NRG_TI_GASM(1.0),12/11/25 11:00:00,Monthly,Natural gas,Russia,Million cubic metres,Spain,2025-04,390.262,,
ESTAT:NRG_TI_GASM(1.0),12/11/25 11:00:00,Monthly,Natural gas,Russia,Million cubic metres,Spain,2025-05,489.654,,
ESTAT:NRG_TI_GASM(1.0),12/11/25 11:00:00,Monthly,Natural gas,Russia,Million cubic metres,Spain,2025-06,290.639,,
ESTAT:NRG_TI_GASM(1.0),12/11/25 11:00:00,Monthly,Natural gas,Russia,Million cubic metres,Spain,2025-07,191.192,,
ESTAT:NRG_TI_GASM(1.0),12/11/25 11:00:00,Monthly,Natural gas,Russia,Million cubic metres,Spain,2025-08,191.394,,
ESTAT:NRG_TI_GASM(1.0),12/11/25 11:00:00,Monthly,Natural gas,Russia,Million cubic metres,Spain,2025-09,0.000,,
ESTAT:NRG_TI_GASM(1.0),12/11/25 11:00:00,Monthly,Natural gas,Russia,Million cubic metres,Finland,2019-01,354.000,,
ESTAT:NRG_TI_GASM(1.0),12/11/25 11:00:00,Monthly,Natural gas,Russia,Million cubic metres,Finland,2019-02,266.000,,
ESTAT:NRG_TI_GASM(1.0),12/11/25 11:00:00,Monthly,Natural gas,Russia,Million cubic metres,Finland,2019-03,248.000,,
ESTAT:NRG_TI_GASM(1.0),12/11/25 11:00:00,Monthly,Natural gas,Russia,Million cubic metres,Finland,2019-04,210.000,,
ESTAT:NRG_TI_GASM(1.0),12/11/25 11:00:00,Monthly,Natural gas,Russia,Million cubic metres,Finland,2019-05,155.000,,
ESTAT:NRG_TI_GASM(1.0),12/11/25 11:00:00,Monthly,Natural gas,Russia,Million cubic metres,Finland,2019-06,140.000,,
ESTAT:NRG_TI_GASM(1.0),12/11/25 11:00:00,Monthly,Natural gas,Russia,Million cubic metres,Finland,2019-07,154.000,,
ESTAT:NRG_TI_GASM(1.0),12/11/25 11:00:00,Monthly,Natural gas,Russia,Million cubic metres,Finland,2019-08,148.000,,
ESTAT:NRG_TI_GASM(1.0),12/11/25 11:00:00,Monthly,Natural gas,Russia,Million cubic metres,Finland,2019-09,173.000,,
ESTAT:NRG_TI_GASM(1.0),12/11/25 11:00:00,Monthly,Natural gas,Russia,Million cubic metres,Finland,2019-10,210.000,,
ESTAT:NRG_TI_GASM(1.0),12/11/25 11:00:00,Monthly,Natural gas,Russia,Million cubic metres,Finland,2019-11,228.000,,
ESTAT:NRG_TI_GASM(1.0),12/11/25 11:00:00,Monthly,Natural gas,Russia,Million cubic metres,Finland,2019-12,243.000,,
ESTAT:NRG_TI_GASM(1.0),12/11/25 11:00:00,Monthly,Natural gas,Russia,Million cubic metres,Finland,2020-01,171.000,,
ESTAT:NRG_TI_GASM(1.0),12/11/25 11:00:00,Monthly,Natural gas,Russia,Million cubic metres,Finland,2020-02,157.000,,
ESTAT:NRG_TI_GASM(1.0),12/11/25 11:00:00,Monthly,Natural gas,Russia,Million cubic metres,Finland,2020-03,150.000,,
ESTAT:NRG_TI_GASM(1.0),12/11/25 11:00:00,Monthly,Natural gas,Russia,Million cubic metres,Finland,2020-04,110.000,,
ESTAT:NRG_TI_GASM(1.0),12/11/25 11:00:00,Monthly,Natural gas,Russia,Million cubic metres,Finland,2020-05,140.000,,
ESTAT:NRG_TI_GASM(1.0),12/11/25 11:00:00,Monthly,Natural gas,Russia,Million cubic metres,Finland,2020-06,98.000,,
ESTAT:NRG_TI_GASM(1.0),12/11/25 11:00:00,Monthly,Natural gas,Russia,Million cubic metres,Finland,2020-07,122.000,,
ESTAT:NRG_TI_GASM(1.0),12/11/25 11:00:00,Monthly,Natural gas,Russia,Million cubic metres,Finland,2020-08,174.000,,
ESTAT:NRG_TI_GASM(1.0),12/11/25 11:00:00,Monthly,Natural gas,Russia,Million cubic metres,Finland,2020-09,151.000,,
ESTAT:NRG_TI_GASM(1.0),12/11/25 11:00:00,Monthly,Natural gas,Russia,Million cubic metres,Finland,2020-10,150.000,,
ESTAT:NRG_TI_GASM(1.0),12/11/25 11:00:00,Monthly,Natural gas,Russia,Million cubic metres,Finland,2020-11,152.000,,
ESTAT:NRG_TI_GASM(1.0),12/11/25 11:00:00,Monthly,Natural gas,Russia,Million cubic metres,Finland,2020-12,203.000,,
ESTAT:NRG_TI_GASM(1.0),12/11/25 11:00:00,Monthly,Natural gas,Russia,Million cubic metres,Finland,2021-01,279.000,,
ESTAT:NRG_TI_GASM(1.0),12/11/25 11:00:00,Monthly,Natural gas,Russia,Million cubic metres,Finland,2021-02,284.000,,
ESTAT:NRG_TI_GASM(1.0),12/11/25 11:00:00,Monthly,Natural gas,Russia,Million cubic metres,Finland,2021-03,212.000,,
ESTAT:NRG_TI_GASM(1.0),12/11/25 11:00:00,Monthly,Natural gas,Russia,Million cubic metres,Finland,2021-04,129.000,,
ESTAT:NRG_TI_GASM(1.0),12/11/25 11:00:00,Monthly,Natural gas,Russia,Million cubic metres,Finland,2021-05,97.000,,
ESTAT:NRG_TI_GASM(1.0),12/11/25 11:00:00,Monthly,Natural gas,Russia,Million cubic metres,Finland,2021-06,121.000,,
ESTAT:NRG_TI_GASM(1.0),12/11/25 11:00:00,Monthly,Natural gas,Russia,Million cubic metres,Finland,2021-07,138.000,,
ESTAT:NRG_TI_GASM(1.0),12/11/25 11:00:00,Monthly,Natural gas,Russia,Million cubic metres,Finland,2021-08,133.000,,
ESTAT:NRG_TI_GASM(1.0),12/11/25 11:00:00,Monthly,Natural gas,Russia,Million cubic metres,Finland,2021-09,132.000,,
ESTAT:NRG_TI_GASM(1.0),12/11/25 11:00:00,Monthly,Natural gas,Russia,Million cubic metres,Finland,2021-10,128.000,,
ESTAT:NRG_TI_GASM(1.0),12/11/25 11:00:00,Monthly,Natural gas,Russia,Million cubic metres,Finland,2021-11,81.000,,
ESTAT:NRG_TI_GASM(1.0),12/11/25 11:00:00,Monthly,Natural gas,Russia,Million cubic metres,Finland,2021-12,231.000,,
ESTAT:NRG_TI_GASM(1.0),12/11/25 11:00:00,Monthly,Natural gas,Russia,Million cubic metres,Finland,2022-01,98.000,,
ESTAT:NRG_TI_GASM(1.0),12/11/25 11:00:00,Monthly,Natural gas,Russia,Million cubic metres,Finland,2022-02,99.000,,
ESTAT:NRG_TI_GASM(1.0),12/11/25 11:00:00,Monthly,Natural gas,Russia,Million cubic metres,Finland,2022-03,196.000,,
ESTAT:NRG_TI_GASM(1.0),12/11/25 11:00:00,Monthly,Natural gas,Russia,Million cubic metres,Finland,2022-04,58.000,,
ESTAT:NRG_TI_GASM(1.0),12/11/25 11:00:00,Monthly,Natural gas,Russia,Million cubic metres,Finland,2022-05,104.000,,
ESTAT:NRG_TI_GASM(1.0),12/11/25 11:00:00,Monthly,Natural gas,Russia,Million cubic metres,Finland,2022-06,21.000,,
ESTAT:NRG_TI_GASM(1.0),12/11/25 11:00:00,Monthly,Natural gas,Russia,Million cubic metres,Finland,2022-07,11.000,,
ESTAT:NRG_TI_GASM(1.0),12/11/25 11:00:00,Monthly,Natural gas,Russia,Million cubic metres,Finland,2022-08,27.000,,
ESTAT:NRG_TI_GASM(1.0),12/11/25 11:00:00,Monthly,Natural gas,Russia,Million cubic metres,Finland,2022-09,22.000,,
ESTAT:NRG_TI_GASM(1.0),12/11/25 11:00:00,Monthly,Natural gas,Russia,Million cubic metres,Finland,2022-10,20.000,,
ESTAT:NRG_TI_GASM(1.0),12/11/25 11:00:00,Monthly,Natural gas,Russia,Million cubic metres,Finland,2022-11,17.000,,
ESTAT:NRG_TI_GASM(1.0),12/11/25 11:00:00,Monthly,Natural gas,Russia,Million cubic metres,Finland,2022-12,35.000,,
ESTAT:NRG_TI_GASM(1.0),12/11/25 11:00:00,Monthly,Natural gas,Russia,Million cubic metres,Finland,2023-01,21.000,,
ESTAT:NRG_TI_GASM(1.0),12/11/25 11:00:00,Monthly,Natural gas,Russia,Million cubic metres,Finland,2023-02,22.000,,
ESTAT:NRG_TI_GASM(1.0),12/11/25 11:00:00,Monthly,Natural gas,Russia,Million cubic metres,Finland,2023-03,10.000,,
ESTAT:NRG_TI_GASM(1.0),12/11/25 11:00:00,Monthly,Natural gas,Russia,Million cubic metres,Finland,2023-04,21.000,,
ESTAT:NRG_TI_GASM(1.0),12/11/25 11:00:00,Monthly,Natural gas,Russia,Million cubic metres,Finland,2023-05,0.000,,
ESTAT:NRG_TI_GASM(1.0),12/11/25 11:00:00,Monthly,Natural gas,Russia,Million cubic metres,Finland,2023-06,0.000,,
ESTAT:NRG_TI_GASM(1.0),12/11/25 11:00:00,Monthly,Natural gas,Russia,Million cubic metres,Finland,2023-07,19.000,,
ESTAT:NRG_TI_GASM(1.0),12/11/25 11:00:00,Monthly,Natural gas,Russia,Million cubic metres,Finland,2023-08,14.000,p,
ESTAT:NRG_TI_GASM(1.0),12/11/25 11:00:00,Monthly,Natural gas,Russia,Million cubic metres,Finland,2023-09,27.000,p,
ESTAT:NRG_TI_GASM(1.0),12/11/25 11:00:00,Monthly,Natural gas,Russia,Million cubic metres,Finland,2023-10,18.000,,
ESTAT:NRG_TI_GASM(1.0),12/11/25 11:00:00,Monthly,Natural gas,Russia,Million cubic metres,Finland,2023-11,10.000,,
ESTAT:NRG_TI_GASM(1.0),12/11/25 11:00:00,Monthly,Natural gas,Russia,Million cubic metres,Finland,2023-12,27.000,p,
ESTAT:NRG_TI_GASM(1.0),12/11/25 11:00:00,Monthly,Natural gas,Russia,Million cubic metres,Finland,2024-01,11.000,,
ESTAT:NRG_TI_GASM(1.0),12/11/25 11:00:00,Monthly,Natural gas,Russia,Million cubic metres,Finland,2024-02,25.000,,
ESTAT:NRG_TI_GASM(1.0),12/11/25 11:00:00,Monthly,Natural gas,Russia,Million cubic metres,Finland,2024-03,21.000,,
ESTAT:NRG_TI_GASM(1.0),12/11/25 11:00:00,Monthly,Natural gas,Russia,Million cubic metres,Finland,2024-04,24.000,,
ESTAT:NRG_TI_GASM(1.0),12/11/25 11:00:00,Monthly,Natural gas,Russia,Million cubic metres,Finland,2024-05,14.000,,
ESTAT:NRG_TI_GASM(1.0),12/11/25 11:00:00,Monthly,Natural gas,Russia,Million cubic metres,Finland,2024-06,32.000,,
ESTAT:NRG_TI_GASM(1.0),12/11/25 11:00:00,Monthly,Natural gas,Russia,Million cubic metres,Finland,2024-07,26.000,,
ESTAT:NRG_TI_GASM(1.0),12/11/25 11:00:00,Monthly,Natural gas,Russia,Million cubic metres,Finland,2024-08,0.000,,
ESTAT:NRG_TI_GASM(1.0),12/11/25 11:00:00,Monthly,Natural gas,Russia,Million cubic metres,Finland,2024-09,0.000,,
ESTAT:NRG_TI_GASM(1.0),12/11/25 11:00:00,Monthly,Natural gas,Russia,Million cubic metres,Finland,2024-10,0.000,,
ESTAT:NRG_TI_GASM(1.0),12/11/25 11:00:00,Monthly,Natural gas,Russia,Million cubic metres,Finland,2024-11,0.000,,
ESTAT:NRG_TI_GASM(1.0),12/11/25 11:00:00,Monthly,Natural gas,Russia,Million cubic metres,Finland,2024-12,0.000,,
ESTAT:NRG_TI_GASM(1.0),12/11/25 11:00:00,Monthly,Natural gas,Russia,Million cubic metres,Finland,2025-01,0.000,,
ESTAT:NRG_TI_GASM(1.0),12/11/25 11:00:00,Monthly,Natural gas,Russia,Million cubic metres,Finland,2025-02,0.000,,
ESTAT:NRG_TI_GASM(1.0),12/11/25 11:00:00,Monthly,Natural gas,Russia,Million cubic metres,Finland,2025-03,0.000,,
ESTAT:NRG_TI_GASM(1.0),12/11/25 11:00:00,Monthly,Natural gas,Russia,Million cubic metres,Finland,2025-04,0.000,,
ESTAT:NRG_TI_GASM(1.0),12/11/25 11:00:00,Monthly,Natural gas,Russia,Million cubic metres,Finland,2025-05,0.000,,
ESTAT:NRG_TI_GASM(1.0),12/11/25 11:00:00,Monthly,Natural gas,Russia,Million cubic metres,Finland,2025-06,0.000,,
ESTAT:NRG_TI_GASM(1.0),12/11/25 11:00:00,Monthly,Natural gas,Russia,Million cubic metres,Finland,2025-07,0.000,,
ESTAT:NRG_TI_GASM(1.0),12/11/25 11:00:00,Monthly,Natural gas,Russia,Million cubic metres,Finland,2025-08,0.000,,
ESTAT:NRG_TI_GASM(1.0),12/11/25 11:00:00,Monthly,Natural gas,Russia,Million cubic metres,Finland,2025-09,0.000,,
ESTAT:NRG_TI_GASM(1.0),12/11/25 11:00:00,Monthly,Natural gas,Russia,Million cubic metres,France,2019-01,0.000,,
ESTAT:NRG_TI_GASM(1.0),12/11/25 11:00:00,Monthly,Natural gas,Russia,Million cubic metres,France,2019-02,0.000,,
ESTAT:NRG_TI_GASM(1.0),12/11/25 11:00:00,Monthly,Natural gas,Russia,Million cubic metres,France,2019-03,0.000,,
ESTAT:NRG_TI_GASM(1.0),12/11/25 11:00:00,Monthly,Natural gas,Russia,Million cubic metres,France,2019-04,0.000,,
ESTAT:NRG_TI_GASM(1.0),12/11/25 11:00:00,Monthly,Natural gas,Russia,Million cubic metres,France,2019-05,0.000,,
ESTAT:NRG_TI_GASM(1.0),12/11/25 11:00:00,Monthly,Natural gas,Russia,Million cubic metres,France,2019-06,0.000,,
ESTAT:NRG_TI_GASM(1.0),12/11/25 11:00:00,Monthly,Natural gas,Russia,Million cubic metres,France,2019-07,0.000,,
ESTAT:NRG_TI_GASM(1.0),12/11/25 11:00:00,Monthly,Natural gas,Russia,Million cubic metres,France,2019-08,0.000,,
ESTAT:NRG_TI_GASM(1.0),12/11/25 11:00:00,Monthly,Natural gas,Russia,Million cubic metres,France,2019-09,0.000,,
ESTAT:NRG_TI_GASM(1.0),12/11/25 11:00:00,Monthly,Natural gas,Russia,Million cubic metres,France,2019-10,0.000,,
ESTAT:NRG_TI_GASM(1.0),12/11/25 11:00:00,Monthly,Natural gas,Russia,Million cubic metres,France,2019-11,0.000,,
ESTAT:NRG_TI_GASM(1.0),12/11/25 11:00:00,Monthly,Natural gas,Russia,Million cubic metres,France,2019-12,0.000,,
ESTAT:NRG_TI_GASM(1.0),12/11/25 11:00:00,Monthly,Natural gas,Russia,Million cubic metres,France,2021-01,0.000,,
ESTAT:NRG_TI_GASM(1.0),12/11/25 11:00:00,Monthly,Natural gas,Russia,Million cubic metres,France,2021-02,0.000,,
ESTAT:NRG_TI_GASM(1.0),12/11/25 11:00:00,Monthly,Natural gas,Russia,Million cubic metres,France,2021-03,0.000,,
ESTAT:NRG_TI_GASM(1.0),12/11/25 11:00:00,Monthly,Natural gas,Russia,Million cubic metres,France,2021-04,0.000,,
ESTAT:NRG_TI_GASM(1.0),12/11/25 11:00:00,Monthly,Natural gas,Russia,Million cubic metres,France,2021-05,0.000,,
ESTAT:NRG_TI_GASM(1.0),12/11/25 11:00:00,Monthly,Natural gas,Russia,Million cubic metres,France,2021-06,0.000,,
ESTAT:NRG_TI_GASM(1.0),12/11/25 11:00:00,Monthly,Natural gas,Russia,Million cubic metres,France,2021-07,0.000,,
ESTAT:NRG_TI_GASM(1.0),12/11/25 11:00:00,Monthly,Natural gas,Russia,Million cubic metres,France,2021-08,0.000,,
ESTAT:NRG_TI_GASM(1.0),12/11/25 11:00:00,Monthly,Natural gas,Russia,Million cubic metres,France,2021-09,0.000,,
ESTAT:NRG_TI_GASM(1.0),12/11/25 11:00:00,Monthly,Natural gas,Russia,Million cubic metres,France,2021-10,0.000,,
ESTAT:NRG_TI_GASM(1.0),12/11/25 11:00:00,Monthly,Natural gas,Russia,Million cubic metres,France,2021-11,0.000,,
ESTAT:NRG_TI_GASM(1.0),12/11/25 11:00:00,Monthly,Natural gas,Russia,Million cubic metres,France,2021-12,0.000,,
ESTAT:NRG_TI_GASM(1.0),12/11/25 11:00:00,Monthly,Natural gas,Russia,Million cubic metres,France,2022-01,0.000,,
ESTAT:NRG_TI_GASM(1.0),12/11/25 11:00:00,Monthly,Natural gas,Russia,Million cubic metres,France,2022-02,0.000,,
ESTAT:NRG_TI_GASM(1.0),12/11/25 11:00:00,Monthly,Natural gas,Russia,Million cubic metres,France,2022-03,0.000,,
ESTAT:NRG_TI_GASM(1.0),12/11/25 11:00:00,Monthly,Natural gas,Russia,Million cubic metres,France,2022-04,0.000,,
ESTAT:NRG_TI_GASM(1.0),12/11/25 11:00:00,Monthly,Natural gas,Russia,Million cubic metres,France,2022-05,0.000,,
ESTAT:NRG_TI_GASM(1.0),12/11/25 11:00:00,Monthly,Natural gas,Russia,Million cubic metres,France,2022-06,0.000,,
ESTAT:NRG_TI_GASM(1.0),12/11/25 11:00:00,Monthly,Natural gas,Russia,Million cubic metres,France,2022-07,0.000,,
ESTAT:NRG_TI_GASM(1.0),12/11/25 11:00:00,Monthly,Natural gas,Russia,Million cubic metres,France,2022-08,0.000,,
ESTAT:NRG_TI_GASM(1.0),12/11/25 11:00:00,Monthly,Natural gas,Russia,Million cubic metres,France,2022-09,0.000,,
ESTAT:NRG_TI_GASM(1.0),12/11/25 11:00:00,Monthly,Natural gas,Russia,Million cubic metres,France,2022-10,0.000,,
ESTAT:NRG_TI_GASM(1.0),12/11/25 11:00:00,Monthly,Natural gas,Russia,Million cubic metres,France,2022-11,0.000,,
ESTAT:NRG_TI_GASM(1.0),12/11/25 11:00:00,Monthly,Natural gas,Russia,Million cubic metres,France,2022-12,0.000,,
ESTAT:NRG_TI_GASM(1.0),12/11/25 11:00:00,Monthly,Natural gas,Russia,Million cubic metres,France,2023-01,0.000,,
ESTAT:NRG_TI_GASM(1.0),12/11/25 11:00:00,Monthly,Natural gas,Russia,Million cubic metres,France,2023-02,0.000,,
ESTAT:NRG_TI_GASM(1.0),12/11/25 11:00:00,Monthly,Natural gas,Russia,Million cubic metres,France,2023-03,0.000,,
ESTAT:NRG_TI_GASM(1.0),12/11/25 11:00:00,Monthly,Natural gas,Russia,Million cubic metres,France,2023-04,0.000,,
ESTAT:NRG_TI_GASM(1.0),12/11/25 11:00:00,Monthly,Natural gas,Russia,Million cubic metres,France,2023-05,0.000,,
ESTAT:NRG_TI_GASM(1.0),12/11/25 11:00:00,Monthly,Natural gas,Russia,Million cubic metres,France,2023-06,0.000,,
ESTAT:NRG_TI_GASM(1.0),12/11/25 11:00:00,Monthly,Natural gas,Russia,Million cubic metres,France,2023-07,0.000,,
ESTAT:NRG_TI_GASM(1.0),12/11/25 11:00:00,Monthly,Natural gas,Russia,Million cubic metres,France,2023-08,0.000,,
ESTAT:NRG_TI_GASM(1.0),12/11/25 11:00:00,Monthly,Natural gas,Russia,Million cubic metres,France,2023-09,0.000,,
ESTAT:NRG_TI_GASM(1.0),12/11/25 11:00:00,Monthly,Natural gas,Russia,Million cubic metres,France,2023-10,0.000,,
ESTAT:NRG_TI_GASM(1.0),12/11/25 11:00:00,Monthly,Natural gas,Russia,Million cubic metres,France,2023-11,0.000,,
ESTAT:NRG_TI_GASM(1.0),12/11/25 11:00:00,Monthly,Natural gas,Russia,Million cubic metres,France,2023-12,0.000,,
ESTAT:NRG_TI_GASM(1.0),12/11/25 11:00:00,Monthly,Natural gas,Russia,Million cubic metres,France,2024-01,0.000,,
ESTAT:NRG_TI_GASM(1.0),12/11/25 11:00:00,Monthly,Natural gas,Russia,Million cubic metres,France,2024-02,0.000,,
ESTAT:NRG_TI_GASM(1.0),12/11/25 11:00:00,Monthly,Natural gas,Russia,Million cubic metres,France,2024-03,0.000,,
ESTAT:NRG_TI_GASM(1.0),12/11/25 11:00:00,Monthly,Natural gas,Russia,Million cubic metres,France,2024-04,0.000,,
ESTAT:NRG_TI_GASM(1.0),12/11/25 11:00:00,Monthly,Natural gas,Russia,Million cubic metres,France,2024-05,0.000,,
ESTAT:NRG_TI_GASM(1.0),12/11/25 11:00:00,Monthly,Natural gas,Russia,Million cubic metres,France,2024-06,0.000,,
ESTAT:NRG_TI_GASM(1.0),12/11/25 11:00:00,Monthly,Natural gas,Russia,Million cubic metres,France,2024-07,0.000,,
ESTAT:NRG_TI_GASM(1.0),12/11/25 11:00:00,Monthly,Natural gas,Russia,Million cubic metres,France,2024-08,0.000,,
ESTAT:NRG_TI_GASM(1.0),12/11/25 11:00:00,Monthly,Natural gas,Russia,Million cubic metres,France,2024-09,0.000,,
ESTAT:NRG_TI_GASM(1.0),12/11/25 11:00:00,Monthly,Natural gas,Russia,Million cubic metres,France,2024-10,0.000,,
ESTAT:NRG_TI_GASM(1.0),12/11/25 11:00:00,Monthly,Natural gas,Russia,Million cubic metres,France,2024-11,0.000,,
ESTAT:NRG_TI_GASM(1.0),12/11/25 11:00:00,Monthly,Natural gas,Russia,Million cubic metres,France,2024-12,0.000,,
ESTAT:NRG_TI_GASM(1.0),12/11/25 11:00:00,Monthly,Natural gas,Russia,Million cubic metres,France,2025-01,0.000,,
ESTAT:NRG_TI_GASM(1.0),12/11/25 11:00:00,Monthly,Natural gas,Russia,Million cubic metres,France,2025-02,0.000,,
ESTAT:NRG_TI_GASM(1.0),12/11/25 11:00:00,Monthly,Natural gas,Russia,Million cubic metres,France,2025-03,0.000,,
ESTAT:NRG_TI_GASM(1.0),12/11/25 11:00:00,Monthly,Natural gas,Russia,Million cubic metres,France,2025-04,0.000,,
ESTAT:NRG_TI_GASM(1.0),12/11/25 11:00:00,Monthly,Natural gas,Russia,Million cubic metres,France,2025-05,0.000,,
ESTAT:NRG_TI_GASM(1.0),12/11/25 11:00:00,Monthly,Natural gas,Russia,Million cubic metres,France,2025-06,0.000,,
ESTAT:NRG_TI_GASM(1.0),12/11/25 11:00:00,Monthly,Natural gas,Russia,Million cubic metres,France,2025-07,0.000,,
ESTAT:NRG_TI_GASM(1.0),12/11/25 11:00:00,Monthly,Natural gas,Russia,Million cubic metres,France,2025-08,0.000,,
ESTAT:NRG_TI_GASM(1.0),12/11/25 11:00:00,Monthly,Natural gas,Russia,Million cubic metres,France,2025-09,0.000,,
ESTAT:NRG_TI_GASM(1.0),12/11/25 11:00:00,Monthly,Natural gas,Russia,Million cubic metres,Hungary,2019-01,0.000,,
ESTAT:NRG_TI_GASM(1.0),12/11/25 11:00:00,Monthly,Natural gas,Russia,Million cubic metres,Hungary,2019-02,0.000,,
ESTAT:NRG_TI_GASM(1.0),12/11/25 11:00:00,Monthly,Natural gas,Russia,Million cubic metres,Hungary,2019-03,0.000,,
ESTAT:NRG_TI_GASM(1.0),12/11/25 11:00:00,Monthly,Natural gas,Russia,Million cubic metres,Hungary,2019-04,0.000,,
ESTAT:NRG_TI_GASM(1.0),12/11/25 11:00:00,Monthly,Natural gas,Russia,Million cubic metres,Hungary,2019-05,0.000,,
ESTAT:NRG_TI_GASM(1.0),12/11/25 11:00:00,Monthly,Natural gas,Russia,Million cubic metres,Hungary,2019-06,0.000,,
ESTAT:NRG_TI_GASM(1.0),12/11/25 11:00:00,Monthly,Natural gas,Russia,Million cubic metres,Hungary,2019-07,0.000,,
ESTAT:NRG_TI_GASM(1.0),12/11/25 11:00:00,Monthly,Natural gas,Russia,Million cubic metres,Hungary,2019-08,0.000,,
ESTAT:NRG_TI_GASM(1.0),12/11/25 11:00:00,Monthly,Natural gas,Russia,Million cubic metres,Hungary,2019-09,0.000,,
ESTAT:NRG_TI_GASM(1.0),12/11/25 11:00:00,Monthly,Natural gas,Russia,Million cubic metres,Hungary,2019-10,0.000,,
ESTAT:NRG_TI_GASM(1.0),12/11/25 11:00:00,Monthly,Natural gas,Russia,Million cubic metres,Hungary,2019-11,0.000,,
ESTAT:NRG_TI_GASM(1.0),12/11/25 11:00:00,Monthly,Natural gas,Russia,Million cubic metres,Hungary,2019-12,0.000,,
ESTAT:NRG_TI_GASM(1.0),12/11/25 11:00:00,Monthly,Natural gas,Russia,Million cubic metres,Hungary,2020-12,0.000,,
ESTAT:NRG_TI_GASM(1.0),12/11/25 11:00:00,Monthly,Natural gas,Russia,Million cubic metres,Hungary,2021-01,0.000,,
ESTAT:NRG_TI_GASM(1.0),12/11/25 11:00:00,Monthly,Natural gas,Russia,Million cubic metres,Hungary,2021-02,0.000,,
ESTAT:NRG_TI_GASM(1.0),12/11/25 11:00:00,Monthly,Natural gas,Russia,Million cubic metres,Hungary,2021-03,0.000,,
ESTAT:NRG_TI_GASM(1.0),12/11/25 11:00:00,Monthly,Natural gas,Russia,Million cubic metres,Hungary,2021-04,0.000,,
ESTAT:NRG_TI_GASM(1.0),12/11/25 11:00:00,Monthly,Natural gas,Russia,Million cubic metres,Hungary,2021-05,0.000,,
ESTAT:NRG_TI_GASM(1.0),12/11/25 11:00:00,Monthly,Natural gas,Russia,Million cubic metres,Hungary,2021-06,0.000,,
ESTAT:NRG_TI_GASM(1.0),12/11/25 11:00:00,Monthly,Natural gas,Russia,Million cubic metres,Hungary,2021-07,0.000,,
ESTAT:NRG_TI_GASM(1.0),12/11/25 11:00:00,Monthly,Natural gas,Russia,Million cubic metres,Hungary,2021-08,0.000,,
ESTAT:NRG_TI_GASM(1.0),12/11/25 11:00:00,Monthly,Natural gas,Russia,Million cubic metres,Hungary,2021-09,0.000,,
ESTAT:NRG_TI_GASM(1.0),12/11/25 11:00:00,Monthly,Natural gas,Russia,Million cubic metres,Hungary,2021-10,0.000,,
ESTAT:NRG_TI_GASM(1.0),12/11/25 11:00:00,Monthly,Natural gas,Russia,Million cubic metres,Hungary,2021-11,0.000,,
ESTAT:NRG_TI_GASM(1.0),12/11/25 11:00:00,Monthly,Natural gas,Russia,Million cubic metres,Hungary,2021-12,0.000,,
ESTAT:NRG_TI_GASM(1.0),12/11/25 11:00:00,Monthly,Natural gas,Russia,Million cubic metres,Hungary,2022-01,0.000,,
ESTAT:NRG_TI_GASM(1.0),12/11/25 11:00:00,Monthly,Natural gas,Russia,Million cubic metres,Hungary,2022-02,0.000,,
ESTAT:NRG_TI_GASM(1.0),12/11/25 11:00:00,Monthly,Natural gas,Russia,Million cubic metres,Hungary,2022-03,0.000,,
ESTAT:NRG_TI_GASM(1.0),12/11/25 11:00:00,Monthly,Natural gas,Russia,Million cubic metres,Hungary,2022-04,0.000,,
ESTAT:NRG_TI_GASM(1.0),12/11/25 11:00:00,Monthly,Natural gas,Russia,Million cubic metres,Hungary,2022-05,0.000,,
ESTAT:NRG_TI_GASM(1.0),12/11/25 11:00:00,Monthly,Natural gas,Russia,Million cubic metres,Hungary,2022-06,0.000,,
ESTAT:NRG_TI_GASM(1.0),12/11/25 11:00:00,Monthly,Natural gas,Russia,Million cubic metres,Hungary,2022-07,0.000,,
ESTAT:NRG_TI_GASM(1.0),12/11/25 11:00:00,Monthly,Natural gas,Russia,Million cubic metres,Hungary,2022-08,0.000,,
ESTAT:NRG_TI_GASM(1.0),12/11/25 11:00:00,Monthly,Natural gas,Russia,Million cubic metres,Hungary,2022-09,0.000,,
ESTAT:NRG_TI_GASM(1.0),12/11/25 11:00:00,Monthly,Natural gas,Russia,Million cubic metres,Hungary,2022-10,0.000,,
ESTAT:NRG_TI_GASM(1.0),12/11/25 11:00:00,Monthly,Natural gas,Russia,Million cubic metres,Hungary,2022-11,0.000,,
ESTAT:NRG_TI_GASM(1.0),12/11/25 11:00:00,Monthly,Natural gas,Russia,Million cubic metres,Hungary,2022-12,0.000,,
ESTAT:NRG_TI_GASM(1.0),12/11/25 11:00:00,Monthly,Natural gas,Russia,Million cubic metres,Hungary,2023-01,0.000,,
ESTAT:NRG_TI_GASM(1.0),12/11/25 11:00:00,Monthly,Natural gas,Russia,Million cubic metres,Hungary,2023-02,0.000,,
ESTAT:NRG_TI_GASM(1.0),12/11/25 11:00:00,Monthly,Natural gas,Russia,Million cubic metres,Hungary,2023-03,0.000,,
ESTAT:NRG_TI_GASM(1.0),12/11/25 11:00:00,Monthly,Natural gas,Russia,Million cubic metres,Hungary,2023-04,0.000,,
ESTAT:NRG_TI_GASM(1.0),12/11/25 11:00:00,Monthly,Natural gas,Russia,Million cubic metres,Hungary,2023-05,0.000,,
ESTAT:NRG_TI_GASM(1.0),12/11/25 11:00:00,Monthly,Natural gas,Russia,Million cubic metres,Hungary,2023-06,0.000,,
ESTAT:NRG_TI_GASM(1.0),12/11/25 11:00:00,Monthly,Natural gas,Russia,Million cubic metres,Hungary,2023-07,0.000,,
ESTAT:NRG_TI_GASM(1.0),12/11/25 11:00:00,Monthly,Natural gas,Russia,Million cubic metres,Hungary,2023-08,0.000,,
ESTAT:NRG_TI_GASM(1.0),12/11/25 11:00:00,Monthly,Natural gas,Russia,Million cubic metres,Hungary,2023-09,0.000,,
ESTAT:NRG_TI_GASM(1.0),12/11/25 11:00:00,Monthly,Natural gas,Russia,Million cubic metres,Hungary,2023-10,0.000,,
ESTAT:NRG_TI_GASM(1.0),12/11/25 11:00:00,Monthly,Natural gas,Russia,Million cubic metres,Hungary,2023-11,0.000,,
ESTAT:NRG_TI_GASM(1.0),12/11/25 11:00:00,Monthly,Natural gas,Russia,Million cubic metres,Hungary,2023-12,0.000,,
ESTAT:NRG_TI_GASM(1.0),12/11/25 11:00:00,Monthly,Natural gas,Russia,Million cubic metres,Hungary,2024-01,0.000,,
ESTAT:NRG_TI_GASM(1.0),12/11/25 11:00:00,Monthly,Natural gas,Russia,Million cubic metres,Hungary,2024-02,0.000,,
ESTAT:NRG_TI_GASM(1.0),12/11/25 11:00:00,Monthly,Natural gas,Russia,Million cubic metres,Hungary,2024-03,0.000,,
ESTAT:NRG_TI_GASM(1.0),12/11/25 11:00:00,Monthly,Natural gas,Russia,Million cubic metres,Hungary,2024-04,0.000,,
ESTAT:NRG_TI_GASM(1.0),12/11/25 11:00:00,Monthly,Natural gas,Russia,Million cubic metres,Hungary,2024-05,0.000,,
ESTAT:NRG_TI_GASM(1.0),12/11/25 11:00:00,Monthly,Natural gas,Russia,Million cubic metres,Hungary,2024-06,0.000,,
ESTAT:NRG_TI_GASM(1.0),12/11/25 11:00:00,Monthly,Natural gas,Russia,Million cubic metres,Hungary,2024-07,0.000,,
ESTAT:NRG_TI_GASM(1.0),12/11/25 11:00:00,Monthly,Natural gas,Russia,Million cubic metres,Hungary,2024-08,0.000,,
ESTAT:NRG_TI_GASM(1.0),12/11/25 11:00:00,Monthly,Natural gas,Russia,Million cubic metres,Hungary,2024-09,0.000,,
ESTAT:NRG_TI_GASM(1.0),12/11/25 11:00:00,Monthly,Natural gas,Russia,Million cubic metres,Hungary,2024-10,0.000,,
ESTAT:NRG_TI_GASM(1.0),12/11/25 11:00:00,Monthly,Natural gas,Russia,Million cubic metres,Hungary,2024-11,0.000,,
ESTAT:NRG_TI_GASM(1.0),12/11/25 11:00:00,Monthly,Natural gas,Russia,Million cubic metres,Hungary,2024-12,0.000,,
ESTAT:NRG_TI_GASM(1.0),12/11/25 11:00:00,Monthly,Natural gas,Russia,Million cubic metres,Hungary,2025-01,0.000,,
ESTAT:NRG_TI_GASM(1.0),12/11/25 11:00:00,Monthly,Natural gas,Russia,Million cubic metres,Hungary,2025-02,0.000,,
ESTAT:NRG_TI_GASM(1.0),12/11/25 11:00:00,Monthly,Natural gas,Russia,Million cubic metres,Hungary,2025-03,0.000,,
ESTAT:NRG_TI_GASM(1.0),12/11/25 11:00:00,Monthly,Natural gas,Russia,Million cubic metres,Hungary,2025-04,0.000,,
ESTAT:NRG_TI_GASM(1.0),12/11/25 11:00:00,Monthly,Natural gas,Russia,Million cubic metres,Hungary,2025-05,0.000,,
ESTAT:NRG_TI_GASM(1.0),12/11/25 11:00:00,Monthly,Natural gas,Russia,Million cubic metres,Hungary,2025-06,0.000,,
ESTAT:NRG_TI_GASM(1.0),12/11/25 11:00:00,Monthly,Natural gas,Russia,Million cubic metres,Hungary,2025-07,0.000,,
ESTAT:NRG_TI_GASM(1.0),12/11/25 11:00:00,Monthly,Natural gas,Russia,Million cubic metres,Hungary,2025-08,0.000,,
ESTAT:NRG_TI_GASM(1.0),12/11/25 11:00:00,Monthly,Natural gas,Russia,Million cubic metres,Hungary,2025-09,0.000,,
ESTAT:NRG_TI_GASM(1.0),12/11/25 11:00:00,Monthly,Natural gas,Russia,Million cubic metres,Netherlands,2019-01,189.722,,
ESTAT:NRG_TI_GASM(1.0),12/11/25 11:00:00,Monthly,Natural gas,Russia,Million cubic metres,Netherlands,2019-02,0.000,,
ESTAT:NRG_TI_GASM(1.0),12/11/25 11:00:00,Monthly,Natural gas,Russia,Million cubic metres,Netherlands,2019-03,261.503,,
ESTAT:NRG_TI_GASM(1.0),12/11/25 11:00:00,Monthly,Natural gas,Russia,Million cubic metres,Netherlands,2019-04,3.854,,
ESTAT:NRG_TI_GASM(1.0),12/11/25 11:00:00,Monthly,Natural gas,Russia,Million cubic metres,Netherlands,2019-05,273.992,,
ESTAT:NRG_TI_GASM(1.0),12/11/25 11:00:00,Monthly,Natural gas,Russia,Million cubic metres,Netherlands,2019-06,333.972,,
ESTAT:NRG_TI_GASM(1.0),12/11/25 11:00:00,Monthly,Natural gas,Russia,Million cubic metres,Netherlands,2019-07,333.692,,
ESTAT:NRG_TI_GASM(1.0),12/11/25 11:00:00,Monthly,Natural gas,Russia,Million cubic metres,Netherlands,2019-08,375.975,,
ESTAT:NRG_TI_GASM(1.0),12/11/25 11:00:00,Monthly,Natural gas,Russia,Million cubic metres,Netherlands,2019-09,369.844,,
ESTAT:NRG_TI_GASM(1.0),12/11/25 11:00:00,Monthly,Natural gas,Russia,Million cubic metres,Netherlands,2019-10,96.965,,
ESTAT:NRG_TI_GASM(1.0),12/11/25 11:00:00,Monthly,Natural gas,Russia,Million cubic metres,Netherlands,2019-11,271.874,,
ESTAT:NRG_TI_GASM(1.0),12/11/25 11:00:00,Monthly,Natural gas,Russia,Million cubic metres,Netherlands,2019-12,467.429,,
ESTAT:NRG_TI_GASM(1.0),12/11/25 11:00:00,Monthly,Natural gas,Russia,Million cubic metres,Netherlands,2020-01,429.228,,
ESTAT:NRG_TI_GASM(1.0),12/11/25 11:00:00,Monthly,Natural gas,Russia,Million cubic metres,Netherlands,2020-02,317.488,,
ESTAT:NRG_TI_GASM(1.0),12/11/25 11:00:00,Monthly,Natural gas,Russia,Million cubic metres,Netherlands,2020-03,616.588,,
ESTAT:NRG_TI_GASM(1.0),12/11/25 11:00:00,Monthly,Natural gas,Russia,Million cubic metres,Netherlands,2020-04,194.629,,
ESTAT:NRG_TI_GASM(1.0),12/11/25 11:00:00,Monthly,Natural gas,Russia,Million cubic metres,Netherlands,2020-05,460.715,,
ESTAT:NRG_TI_GASM(1.0),12/11/25 11:00:00,Monthly,Natural gas,Russia,Million cubic metres,Netherlands,2020-06,246.324,,
ESTAT:NRG_TI_GASM(1.0),12/11/25 11:00:00,Monthly,Natural gas,Russia,Million cubic metres,Netherlands,2020-07,410.231,,
ESTAT:NRG_TI_GASM(1.0),12/11/25 11:00:00,Monthly,Natural gas,Russia,Million cubic metres,Netherlands,2020-08,144.907,,
ESTAT:NRG_TI_GASM(1.0),12/11/25 11:00:00,Monthly,Natural gas,Russia,Million cubic metres,Netherlands,2020-09,147.021,,
ESTAT:NRG_TI_GASM(1.0),12/11/25 11:00:00,Monthly,Natural gas,Russia,Million cubic metres,Netherlands,2020-10,80.624,,
ESTAT:NRG_TI_GASM(1.0),12/11/25 11:00:00,Monthly,Natural gas,Russia,Million cubic metres,Netherlands,2020-11,247.928,,
ESTAT:NRG_TI_GASM(1.0),12/11/25 11:00:00,Monthly,Natural gas,Russia,Million cubic metres,Netherlands,2020-12,361.485,,
ESTAT:NRG_TI_GASM(1.0),12/11/25 11:00:00,Monthly,Natural gas,Russia,Million cubic metres,Netherlands,2021-01,245.969,,
ESTAT:NRG_TI_GASM(1.0),12/11/25 11:00:00,Monthly,Natural gas,Russia,Million cubic metres,Netherlands,2021-02,150.170,,
ESTAT:NRG_TI_GASM(1.0),12/11/25 11:00:00,Monthly,Natural gas,Russia,Million cubic metres,Netherlands,2021-03,225.622,,
ESTAT:NRG_TI_GASM(1.0),12/11/25 11:00:00,Monthly,Natural gas,Russia,Million cubic metres,Netherlands,2021-04,444.302,,
ESTAT:NRG_TI_GASM(1.0),12/11/25 11:00:00,Monthly,Natural gas,Russia,Million cubic metres,Netherlands,2021-05,246.572,,
ESTAT:NRG_TI_GASM(1.0),12/11/25 11:00:00,Monthly,Natural gas,Russia,Million cubic metres,Netherlands,2021-06,364.110,,
ESTAT:NRG_TI_GASM(1.0),12/11/25 11:00:00,Monthly,Natural gas,Russia,Million cubic metres,Netherlands,2021-07,95.157,,
ESTAT:NRG_TI_GASM(1.0),12/11/25 11:00:00,Monthly,Natural gas,Russia,Million cubic metres,Netherlands,2021-08,121.325,,
ESTAT:NRG_TI_GASM(1.0),12/11/25 11:00:00,Monthly,Natural gas,Russia,Million cubic metres,Netherlands,2021-09,236.251,,
ESTAT:NRG_TI_GASM(1.0),12/11/25 11:00:00,Monthly,Natural gas,Russia,Million cubic metres,Netherlands,2021-10,374.688,,
ESTAT:NRG_TI_GASM(1.0),12/11/25 11:00:00,Monthly,Natural gas,Russia,Million cubic metres,Netherlands,2021-11,349.987,,
ESTAT:NRG_TI_GASM(1.0),12/11/25 11:00:00,Monthly,Natural gas,Russia,Million cubic metres,Netherlands,2021-12,396.131,,
ESTAT:NRG_TI_GASM(1.0),12/11/25 11:00:00,Monthly,Natural gas,Russia,Million cubic metres,Netherlands,2022-01,321.910,,
ESTAT:NRG_TI_GASM(1.0),12/11/25 11:00:00,Monthly,Natural gas,Russia,Million cubic metres,Netherlands,2022-02,376.585,,
ESTAT:NRG_TI_GASM(1.0),12/11/25 11:00:00,Monthly,Natural gas,Russia,Million cubic metres,Netherlands,2022-03,481.966,,
ESTAT:NRG_TI_GASM(1.0),12/11/25 11:00:00,Monthly,Natural gas,Russia,Million cubic metres,Netherlands,2022-04,352.404,,
ESTAT:NRG_TI_GASM(1.0),12/11/25 11:00:00,Monthly,Natural gas,Russia,Million cubic metres,Netherlands,2022-05,252.732,,
ESTAT:NRG_TI_GASM(1.0),12/11/25 11:00:00,Monthly,Natural gas,Russia,Million cubic metres,Netherlands,2022-06,116.712,,
ESTAT:NRG_TI_GASM(1.0),12/11/25 11:00:00,Monthly,Natural gas,Russia,Million cubic metres,Netherlands,2022-07,235.180,,
ESTAT:NRG_TI_GASM(1.0),12/11/25 11:00:00,Monthly,Natural gas,Russia,Million cubic metres,Netherlands,2022-08,222.562,,
ESTAT:NRG_TI_GASM(1.0),12/11/25 11:00:00,Monthly,Natural gas,Russia,Million cubic metres,Netherlands,2022-09,118.483,,
ESTAT:NRG_TI_GASM(1.0),12/11/25 11:00:00,Monthly,Natural gas,Russia,Million cubic metres,Netherlands,2022-10,130.047,,
ESTAT:NRG_TI_GASM(1.0),12/11/25 11:00:00,Monthly,Natural gas,Russia,Million cubic metres,Netherlands,2022-11,114.300,,
ESTAT:NRG_TI_GASM(1.0),12/11/25 11:00:00,Monthly,Natural gas,Russia,Million cubic metres,Netherlands,2022-12,116.905,,
ESTAT:NRG_TI_GASM(1.0),12/11/25 11:00:00,Monthly,Natural gas,Russia,Million cubic metres,Netherlands,2023-01,128.267,,
ESTAT:NRG_TI_GASM(1.0),12/11/25 11:00:00,Monthly,Natural gas,Russia,Million cubic metres,Netherlands,2023-02,110.128,,
ESTAT:NRG_TI_GASM(1.0),12/11/25 11:00:00,Monthly,Natural gas,Russia,Million cubic metres,Netherlands,2023-03,121.968,,
ESTAT:NRG_TI_GASM(1.0),12/11/25 11:00:00,Monthly,Natural gas,Russia,Million cubic metres,Netherlands,2023-04,127.063,,
ESTAT:NRG_TI_GASM(1.0),12/11/25 11:00:00,Monthly,Natural gas,Russia,Million cubic metres,Netherlands,2023-05,130.226,,
ESTAT:NRG_TI_GASM(1.0),12/11/25 11:00:00,Monthly,Natural gas,Russia,Million cubic metres,Netherlands,2023-06,0.000,,
ESTAT:NRG_TI_GASM(1.0),12/11/25 11:00:00,Monthly,Natural gas,Russia,Million cubic metres,Netherlands,2023-07,0.000,,
ESTAT:NRG_TI_GASM(1.0),12/11/25 11:00:00,Monthly,Natural gas,Russia,Million cubic metres,Netherlands,2023-08,112.924,,
ESTAT:NRG_TI_GASM(1.0),12/11/25 11:00:00,Monthly,Natural gas,Russia,Million cubic metres,Netherlands,2023-09,118.380,,
ESTAT:NRG_TI_GASM(1.0),12/11/25 11:00:00,Monthly,Natural gas,Russia,Million cubic metres,Netherlands,2023-10,118.532,,
ESTAT:NRG_TI_GASM(1.0),12/11/25 11:00:00,Monthly,Natural gas,Russia,Million cubic metres,Netherlands,2023-11,121.923,,
ESTAT:NRG_TI_GASM(1.0),12/11/25 11:00:00,Monthly,Natural gas,Russia,Million cubic metres,Netherlands,2023-12,118.257,,
ESTAT:NRG_TI_GASM(1.0),12/11/25 11:00:00,Monthly,Natural gas,Russia,Million cubic metres,Netherlands,2024-01,110.422,,
ESTAT:NRG_TI_GASM(1.0),12/11/25 11:00:00,Monthly,Natural gas,Russia,Million cubic metres,Netherlands,2024-02,130.761,,
ESTAT:NRG_TI_GASM(1.0),12/11/25 11:00:00,Monthly,Natural gas,Russia,Million cubic metres,Netherlands,2024-03,113.689,,
ESTAT:NRG_TI_GASM(1.0),12/11/25 11:00:00,Monthly,Natural gas,Russia,Million cubic metres,Netherlands,2024-04,0.000,,
ESTAT:NRG_TI_GASM(1.0),12/11/25 11:00:00,Monthly,Natural gas,Russia,Million cubic metres,Netherlands,2024-05,120.863,,
ESTAT:NRG_TI_GASM(1.0),12/11/25 11:00:00,Monthly,Natural gas,Russia,Million cubic metres,Netherlands,2024-06,119.904,,
ESTAT:NRG_TI_GASM(1.0),12/11/25 11:00:00,Monthly,Natural gas,Russia,Million cubic metres,Netherlands,2024-07,240.310,,
ESTAT:NRG_TI_GASM(1.0),12/11/25 11:00:00,Monthly,Natural gas,Russia,Million cubic metres,Netherlands,2024-08,209.143,,
ESTAT:NRG_TI_GASM(1.0),12/11/25 11:00:00,Monthly,Natural gas,Russia,Million cubic metres,Netherlands,2024-09,264.176,,
ESTAT:NRG_TI_GASM(1.0),12/11/25 11:00:00,Monthly,Natural gas,Russia,Million cubic metres,Netherlands,2024-10,244.848,,
ESTAT:NRG_TI_GASM(1.0),12/11/25 11:00:00,Monthly,Natural gas,Russia,Million cubic metres,Netherlands,2024-11,233.656,,
ESTAT:NRG_TI_GASM(1.0),12/11/25 11:00:00,Monthly,Natural gas,Russia,Million cubic metres,Netherlands,2024-12,278.766,,
ESTAT:NRG_TI_GASM(1.0),12/11/25 11:00:00,Monthly,Natural gas,Russia,Million cubic metres,Netherlands,2025-01,248.058,,
ESTAT:NRG_TI_GASM(1.0),12/11/25 11:00:00,Monthly,Natural gas,Russia,Million cubic metres,Netherlands,2025-02,254.219,,
ESTAT:NRG_TI_GASM(1.0),12/11/25 11:00:00,Monthly,Natural gas,Russia,Million cubic metres,Netherlands,2025-03,269.346,,
ESTAT:NRG_TI_GASM(1.0),12/11/25 11:00:00,Monthly,Natural gas,Russia,Million cubic metres,Netherlands,2025-04,120.096,,
ESTAT:NRG_TI_GASM(1.0),12/11/25 11:00:00,Monthly,Natural gas,Russia,Million cubic metres,Netherlands,2025-05,242.936,,
ESTAT:NRG_TI_GASM(1.0),12/11/25 11:00:00,Monthly,Natural gas,Russia,Million cubic metres,Netherlands,2025-06,249.695,,
ESTAT:NRG_TI_GASM(1.0),12/11/25 11:00:00,Monthly,Natural gas,Russia,Million cubic metres,Netherlands,2025-07,116.047,,
ESTAT:NRG_TI_GASM(1.0),12/11/25 11:00:00,Monthly,Natural gas,Russia,Million cubic metres,Netherlands,2025-08,272.516,,
ESTAT:NRG_TI_GASM(1.0),12/11/25 11:00:00,Monthly,Natural gas,Russia,Million cubic metres,Netherlands,2025-09,293.439,,
ESTAT:NRG_TI_GASM(1.0),12/11/25 11:00:00,Monthly,Natural gas,Russia,Million cubic metres,Poland,2019-01,3.000,,
ESTAT:NRG_TI_GASM(1.0),12/11/25 11:00:00,Monthly,Natural gas,Russia,Million cubic metres,Poland,2019-02,2.000,,
ESTAT:NRG_TI_GASM(1.0),12/11/25 11:00:00,Monthly,Natural gas,Russia,Million cubic metres,Poland,2019-03,3.000,,
ESTAT:NRG_TI_GASM(1.0),12/11/25 11:00:00,Monthly,Natural gas,Russia,Million cubic metres,Poland,2019-04,3.000,,
ESTAT:NRG_TI_GASM(1.0),12/11/25 11:00:00,Monthly,Natural gas,Russia,Million cubic metres,Poland,2019-05,3.000,,
ESTAT:NRG_TI_GASM(1.0),12/11/25 11:00:00,Monthly,Natural gas,Russia,Million cubic metres,Poland,2019-06,3.000,,
ESTAT:NRG_TI_GASM(1.0),12/11/25 11:00:00,Monthly,Natural gas,Russia,Million cubic metres,Poland,2019-07,2.000,,
ESTAT:NRG_TI_GASM(1.0),12/11/25 11:00:00,Monthly,Natural gas,Russia,Million cubic metres,Poland,2019-08,2.000,,
ESTAT:NRG_TI_GASM(1.0),12/11/25 11:00:00,Monthly,Natural gas,Russia,Million cubic metres,Poland,2019-09,3.000,,
ESTAT:NRG_TI_GASM(1.0),12/11/25 11:00:00,Monthly,Natural gas,Russia,Million cubic metres,Poland,2019-10,4.000,,
ESTAT:NRG_TI_GASM(1.0),12/11/25 11:00:00,Monthly,Natural gas,Russia,Million cubic metres,Poland,2019-11,6.000,,
ESTAT:NRG_TI_GASM(1.0),12/11/25 11:00:00,Monthly,Natural gas,Russia,Million cubic metres,Poland,2019-12,5.000,,
ESTAT:NRG_TI_GASM(1.0),12/11/25 11:00:00,Monthly,Natural gas,Russia,Million cubic metres,Poland,2020-01,4.233,,
ESTAT:NRG_TI_GASM(1.0),12/11/25 11:00:00,Monthly,Natural gas,Russia,Million cubic metres,Poland,2020-02,4.757,,
ESTAT:NRG_TI_GASM(1.0),12/11/25 11:00:00,Monthly,Natural gas,Russia,Million cubic metres,Poland,2020-03,4.808,,
ESTAT:NRG_TI_GASM(1.0),12/11/25 11:00:00,Monthly,Natural gas,Russia,Million cubic metres,Poland,2020-04,3.575,,
ESTAT:NRG_TI_GASM(1.0),12/11/25 11:00:00,Monthly,Natural gas,Russia,Million cubic metres,Poland,2020-05,3.783,,
ESTAT:NRG_TI_GASM(1.0),12/11/25 11:00:00,Monthly,Natural gas,Russia,Million cubic metres,Poland,2020-06,4.307,,
ESTAT:NRG_TI_GASM(1.0),12/11/25 11:00:00,Monthly,Natural gas,Russia,Million cubic metres,Poland,2020-07,4.582,,
ESTAT:NRG_TI_GASM(1.0),12/11/25 11:00:00,Monthly,Natural gas,Russia,Million cubic metres,Poland,2020-08,5.492,,
ESTAT:NRG_TI_GASM(1.0),12/11/25 11:00:00,Monthly,Natural gas,Russia,Million cubic metres,Poland,2020-09,5.874,,
ESTAT:NRG_TI_GASM(1.0),12/11/25 11:00:00,Monthly,Natural gas,Russia,Million cubic metres,Poland,2020-10,4.944,,
ESTAT:NRG_TI_GASM(1.0),12/11/25 11:00:00,Monthly,Natural gas,Russia,Million cubic metres,Poland,2020-11,7.768,,
ESTAT:NRG_TI_GASM(1.0),12/11/25 11:00:00,Monthly,Natural gas,Russia,Million cubic metres,Poland,2020-12,6.289,,
ESTAT:NRG_TI_GASM(1.0),12/11/25 11:00:00,Monthly,Natural gas,Russia,Million cubic metres,Poland,2021-01,5.312,,
ESTAT:NRG_TI_GASM(1.0),12/11/25 11:00:00,Monthly,Natural gas,Russia,Million cubic metres,Poland,2021-02,6.251,,
ESTAT:NRG_TI_GASM(1.0),12/11/25 11:00:00,Monthly,Natural gas,Russia,Million cubic metres,Poland,2021-03,7.320,,
ESTAT:NRG_TI_GASM(1.0),12/11/25 11:00:00,Monthly,Natural gas,Russia,Million cubic metres,Poland,2021-04,6.075,,
ESTAT:NRG_TI_GASM(1.0),12/11/25 11:00:00,Monthly,Natural gas,Russia,Million cubic metres,Poland,2021-05,5.619,,
ESTAT:NRG_TI_GASM(1.0),12/11/25 11:00:00,Monthly,Natural gas,Russia,Million cubic metres,Poland,2021-06,3.068,,
ESTAT:NRG_TI_GASM(1.0),12/11/25 11:00:00,Monthly,Natural gas,Russia,Million cubic metres,Poland,2021-07,2.586,,
ESTAT:NRG_TI_GASM(1.0),12/11/25 11:00:00,Monthly,Natural gas,Russia,Million cubic metres,Poland,2021-08,6.467,,
ESTAT:NRG_TI_GASM(1.0),12/11/25 11:00:00,Monthly,Natural gas,Russia,Million cubic metres,Poland,2021-09,7.336,,
ESTAT:NRG_TI_GASM(1.0),12/11/25 11:00:00,Monthly,Natural gas,Russia,Million cubic metres,Poland,2021-10,7.081,,
ESTAT:NRG_TI_GASM(1.0),12/11/25 11:00:00,Monthly,Natural gas,Russia,Million cubic metres,Poland,2021-11,9.247,,
ESTAT:NRG_TI_GASM(1.0),12/11/25 11:00:00,Monthly,Natural gas,Russia,Million cubic metres,Poland,2021-12,9.012,,
ESTAT:NRG_TI_GASM(1.0),12/11/25 11:00:00,Monthly,Natural gas,Russia,Million cubic metres,Poland,2022-01,4.349,,
ESTAT:NRG_TI_GASM(1.0),12/11/25 11:00:00,Monthly,Natural gas,Russia,Million cubic metres,Poland,2022-02,5.621,,
ESTAT:NRG_TI_GASM(1.0),12/11/25 11:00:00,Monthly,Natural gas,Russia,Million cubic metres,Poland,2022-03,8.558,,
ESTAT:NRG_TI_GASM(1.0),12/11/25 11:00:00,Monthly,Natural gas,Russia,Million cubic metres,Poland,2022-04,5.852,,
ESTAT:NRG_TI_GASM(1.0),12/11/25 11:00:00,Monthly,Natural gas,Russia,Million cubic metres,Poland,2022-05,5.357,,
ESTAT:NRG_TI_GASM(1.0),12/11/25 11:00:00,Monthly,Natural gas,Russia,Million cubic metres,Poland,2022-06,5.627,,
ESTAT:NRG_TI_GASM(1.0),12/11/25 11:00:00,Monthly,Natural gas,Russia,Million cubic metres,Poland,2022-07,6.324,,
ESTAT:NRG_TI_GASM(1.0),12/11/25 11:00:00,Monthly,Natural gas,Russia,Million cubic metres,Poland,2022-08,4.857,,
ESTAT:NRG_TI_GASM(1.0),12/11/25 11:00:00,Monthly,Natural gas,Russia,Million cubic metres,Poland,2022-09,4.385,,
ESTAT:NRG_TI_GASM(1.0),12/11/25 11:00:00,Monthly,Natural gas,Russia,Million cubic metres,Poland,2022-10,0.276,,
ESTAT:NRG_TI_GASM(1.0),12/11/25 11:00:00,Monthly,Natural gas,Russia,Million cubic metres,Poland,2022-11,0.050,,
ESTAT:NRG_TI_GASM(1.0),12/11/25 11:00:00,Monthly,Natural gas,Russia,Million cubic metres,Poland,2022-12,0.757,,
ESTAT:NRG_TI_GASM(1.0),12/11/25 11:00:00,Monthly,Natural gas,Russia,Million cubic metres,Poland,2023-01,1.268,,
ESTAT:NRG_TI_GASM(1.0),12/11/25 11:00:00,Monthly,Natural gas,Russia,Million cubic metres,Poland,2023-02,0.979,,
ESTAT:NRG_TI_GASM(1.0),12/11/25 11:00:00,Monthly,Natural gas,Russia,Million cubic metres,Poland,2023-03,1.753,,
ESTAT:NRG_TI_GASM(1.0),12/11/25 11:00:00,Monthly,Natural gas,Russia,Million cubic metres,Poland,2023-04,0.964,,
ESTAT:NRG_TI_GASM(1.0),12/11/25 11:00:00,Monthly,Natural gas,Russia,Million cubic metres,Poland,2023-05,1.351,,
ESTAT:NRG_TI_GASM(1.0),12/11/25 11:00:00,Monthly,Natural gas,Russia,Million cubic metres,Poland,2023-06,1.207,,
ESTAT:NRG_TI_GASM(1.0),12/11/25 11:00:00,Monthly,Natural gas,Russia,Million cubic metres,Poland,2023-07,0.051,,
ESTAT:NRG_TI_GASM(1.0),12/11/25 11:00:00,Monthly,Natural gas,Russia,Million cubic metres,Poland,2023-08,0.000,,
ESTAT:NRG_TI_GASM(1.0),12/11/25 11:00:00,Monthly,Natural gas,Russia,Million cubic metres,Poland,2023-09,0.000,,
ESTAT:NRG_TI_GASM(1.0),12/11/25 11:00:00,Monthly,Natural gas,Russia,Million cubic metres,Poland,2023-10,0.000,,
ESTAT:NRG_TI_GASM(1.0),12/11/25 11:00:00,Monthly,Natural gas,Russia,Million cubic metres,Poland,2023-11,0.000,,
ESTAT:NRG_TI_GASM(1.0),12/11/25 11:00:00,Monthly,Natural gas,Russia,Million cubic metres,Poland,2023-12,0.000,,
ESTAT:NRG_TI_GASM(1.0),12/11/25 11:00:00,Monthly,Natural gas,Russia,Million cubic metres,Poland,2024-01,0.000,,
ESTAT:NRG_TI_GASM(1.0),12/11/25 11:00:00,Monthly,Natural gas,Russia,Million cubic metres,Poland,2024-02,0.000,,
ESTAT:NRG_TI_GASM(1.0),12/11/25 11:00:00,Monthly,Natural gas,Russia,Million cubic metres,Poland,2024-03,0.000,,
ESTAT:NRG_TI_GASM(1.0),12/11/25 11:00:00,Monthly,Natural gas,Russia,Million cubic metres,Poland,2024-04,0.000,,
ESTAT:NRG_TI_GASM(1.0),12/11/25 11:00:00,Monthly,Natural gas,Russia,Million cubic metres,Poland,2024-05,0.000,,
ESTAT:NRG_TI_GASM(1.0),12/11/25 11:00:00,Monthly,Natural gas,Russia,Million cubic metres,Poland,2024-06,0.000,,
ESTAT:NRG_TI_GASM(1.0),12/11/25 11:00:00,Monthly,Natural gas,Russia,Million cubic metres,Poland,2024-07,0.000,,
ESTAT:NRG_TI_GASM(1.0),12/11/25 11:00:00,Monthly,Natural gas,Russia,Million cubic metres,Poland,2024-08,0.000,,
ESTAT:NRG_TI_GASM(1.0),12/11/25 11:00:00,Monthly,Natural gas,Russia,Million cubic metres,Poland,2024-09,0.000,,
ESTAT:NRG_TI_GASM(1.0),12/11/25 11:00:00,Monthly,Natural gas,Russia,Million cubic metres,Poland,2024-10,0.000,,
ESTAT:NRG_TI_GASM(1.0),12/11/25 11:00:00,Monthly,Natural gas,Russia,Million cubic metres,Poland,2024-11,0.000,,
ESTAT:NRG_TI_GASM(1.0),12/11/25 11:00:00,Monthly,Natural gas,Russia,Million cubic metres,Poland,2024-12,0.000,,
ESTAT:NRG_TI_GASM(1.0),12/11/25 11:00:00,Monthly,Natural gas,Russia,Million cubic metres,Poland,2025-01,0.000,,
ESTAT:NRG_TI_GASM(1.0),12/11/25 11:00:00,Monthly,Natural gas,Russia,Million cubic metres,Poland,2025-02,0.000,,
ESTAT:NRG_TI_GASM(1.0),12/11/25 11:00:00,Monthly,Natural gas,Russia,Million cubic metres,Poland,2025-03,0.000,,
ESTAT:NRG_TI_GASM(1.0),12/11/25 11:00:00,Monthly,Natural gas,Russia,Million cubic metres,Poland,2025-04,0.000,,
ESTAT:NRG_TI_GASM(1.0),12/11/25 11:00:00,Monthly,Natural gas,Russia,Million cubic metres,Poland,2025-05,0.000,,
ESTAT:NRG_TI_GASM(1.0),12/11/25 11:00:00,Monthly,Natural gas,Russia,Million cubic metres,Poland,2025-06,0.000,,
ESTAT:NRG_TI_GASM(1.0),12/11/25 11:00:00,Monthly,Natural gas,Russia,Million cubic metres,Poland,2025-07,0.000,,
ESTAT:NRG_TI_GASM(1.0),12/11/25 11:00:00,Monthly,Natural gas,Russia,Million cubic metres,Poland,2025-08,0.000,,
ESTAT:NRG_TI_GASM(1.0),12/11/25 11:00:00,Monthly,Natural gas,Russia,Million cubic metres,Poland,2025-09,0.000,,
ESTAT:NRG_TI_GASM(1.0),12/11/25 11:00:00,Monthly,Natural gas,Russia,Million cubic metres,Sweden,2019-01,0.000,,
ESTAT:NRG_TI_GASM(1.0),12/11/25 11:00:00,Monthly,Natural gas,Russia,Million cubic metres,Sweden,2019-02,0.000,,
ESTAT:NRG_TI_GASM(1.0),12/11/25 11:00:00,Monthly,Natural gas,Russia,Million cubic metres,Sweden,2019-03,0.000,,
ESTAT:NRG_TI_GASM(1.0),12/11/25 11:00:00,Monthly,Natural gas,Russia,Million cubic metres,Sweden,2019-04,0.000,,
ESTAT:NRG_TI_GASM(1.0),12/11/25 11:00:00,Monthly,Natural gas,Russia,Million cubic metres,Sweden,2019-05,20.000,,
ESTAT:NRG_TI_GASM(1.0),12/11/25 11:00:00,Monthly,Natural gas,Russia,Million cubic metres,Sweden,2019-06,7.000,,
ESTAT:NRG_TI_GASM(1.0),12/11/25 11:00:00,Monthly,Natural gas,Russia,Million cubic metres,Sweden,2019-07,1.000,,
ESTAT:NRG_TI_GASM(1.0),12/11/25 11:00:00,Monthly,Natural gas,Russia,Million cubic metres,Sweden,2019-08,6.000,,
ESTAT:NRG_TI_GASM(1.0),12/11/25 11:00:00,Monthly,Natural gas,Russia,Million cubic metres,Sweden,2019-09,2.000,,
ESTAT:NRG_TI_GASM(1.0),12/11/25 11:00:00,Monthly,Natural gas,Russia,Million cubic metres,Sweden,2019-10,1.000,,
ESTAT:NRG_TI_GASM(1.0),12/11/25 11:00:00,Monthly,Natural gas,Russia,Million cubic metres,Sweden,2019-11,11.000,,
ESTAT:NRG_TI_GASM(1.0),12/11/25 11:00:00,Monthly,Natural gas,Russia,Million cubic metres,Sweden,2019-12,17.000,,
ESTAT:NRG_TI_GASM(1.0),12/11/25 11:00:00,Monthly,Natural gas,Russia,Million cubic metres,Sweden,2020-02,2.000,,
ESTAT:NRG_TI_GASM(1.0),12/11/25 11:00:00,Monthly,Natural gas,Russia,Million cubic metres,Sweden,2020-04,1.060,,
ESTAT:NRG_TI_GASM(1.0),12/11/25 11:00:00,Monthly,Natural gas,Russia,Million cubic metres,Sweden,2020-05,11.500,,
ESTAT:NRG_TI_GASM(1.0),12/11/25 11:00:00,Monthly,Natural gas,Russia,Million cubic metres,Sweden,2020-06,14.720,,
ESTAT:NRG_TI_GASM(1.0),12/11/25 11:00:00,Monthly,Natural gas,Russia,Million cubic metres,Sweden,2020-08,6.000,,
ESTAT:NRG_TI_GASM(1.0),12/11/25 11:00:00,Monthly,Natural gas,Russia,Million cubic metres,Sweden,2020-10,18.000,,
ESTAT:NRG_TI_GASM(1.0),12/11/25 11:00:00,Monthly,Natural gas,Russia,Million cubic metres,Sweden,2020-11,18.000,,
ESTAT:NRG_TI_GASM(1.0),12/11/25 11:00:00,Monthly,Natural gas,Russia,Million cubic metres,Sweden,2020-12,39.000,,
ESTAT:NRG_TI_GASM(1.0),12/11/25 11:00:00,Monthly,Natural gas,Russia,Million cubic metres,Sweden,2021-01,18.000,,
ESTAT:NRG_TI_GASM(1.0),12/11/25 11:00:00,Monthly,Natural gas,Russia,Million cubic metres,Sweden,2021-02,33.000,,
ESTAT:NRG_TI_GASM(1.0),12/11/25 11:00:00,Monthly,Natural gas,Russia,Million cubic metres,Sweden,2021-03,16.000,,
ESTAT:NRG_TI_GASM(1.0),12/11/25 11:00:00,Monthly,Natural gas,Russia,Million cubic metres,Sweden,2021-04,19.000,,
ESTAT:NRG_TI_GASM(1.0),12/11/25 11:00:00,Monthly,Natural gas,Russia,Million cubic metres,Sweden,2021-05,0.000,,
ESTAT:NRG_TI_GASM(1.0),12/11/25 11:00:00,Monthly,Natural gas,Russia,Million cubic metres,Sweden,2021-06,0.000,,
ESTAT:NRG_TI_GASM(1.0),12/11/25 11:00:00,Monthly,Natural gas,Russia,Million cubic metres,Sweden,2021-07,0.000,,
ESTAT:NRG_TI_GASM(1.0),12/11/25 11:00:00,Monthly,Natural gas,Russia,Million cubic metres,Sweden,2021-08,0.000,,
ESTAT:NRG_TI_GASM(1.0),12/11/25 11:00:00,Monthly,Natural gas,Russia,Million cubic metres,Sweden,2021-09,0.000,,
ESTAT:NRG_TI_GASM(1.0),12/11/25 11:00:00,Monthly,Natural gas,Russia,Million cubic metres,Sweden,2021-10,0.000,,
ESTAT:NRG_TI_GASM(1.0),12/11/25 11:00:00,Monthly,Natural gas,Russia,Million cubic metres,Sweden,2021-11,0.000,,
ESTAT:NRG_TI_GASM(1.0),12/11/25 11:00:00,Monthly,Natural gas,Russia,Million cubic metres,Sweden,2021-12,0.000,,
ESTAT:NRG_TI_GASM(1.0),12/11/25 11:00:00,Monthly,Natural gas,Russia,Million cubic metres,Sweden,2022-01,20.167,,
ESTAT:NRG_TI_GASM(1.0),12/11/25 11:00:00,Monthly,Natural gas,Russia,Million cubic metres,Sweden,2022-02,9.984,,
ESTAT:NRG_TI_GASM(1.0),12/11/25 11:00:00,Monthly,Natural gas,Russia,Million cubic metres,Sweden,2022-03,0.000,,
ESTAT:NRG_TI_GASM(1.0),12/11/25 11:00:00,Monthly,Natural gas,Russia,Million cubic metres,Sweden,2022-04,0.000,,
ESTAT:NRG_TI_GASM(1.0),12/11/25 11:00:00,Monthly,Natural gas,Russia,Million cubic metres,Sweden,2022-05,0.000,,
ESTAT:NRG_TI_GASM(1.0),12/11/25 11:00:00,Monthly,Natural gas,Russia,Million cubic metres,Sweden,2022-06,0.000,,
ESTAT:NRG_TI_GASM(1.0),12/11/25 11:00:00,Monthly,Natural gas,Russia,Million cubic metres,Sweden,2022-07,0.000,,
ESTAT:NRG_TI_GASM(1.0),12/11/25 11:00:00,Monthly,Natural gas,Russia,Million cubic metres,Sweden,2022-08,0.000,,
ESTAT:NRG_TI_GASM(1.0),12/11/25 11:00:00,Monthly,Natural gas,Russia,Million cubic metres,Sweden,2022-09,5.289,,
ESTAT:NRG_TI_GASM(1.0),12/11/25 11:00:00,Monthly,Natural gas,Russia,Million cubic metres,Sweden,2022-10,0.000,,
ESTAT:NRG_TI_GASM(1.0),12/11/25 11:00:00,Monthly,Natural gas,Russia,Million cubic metres,Sweden,2022-11,0.000,,
ESTAT:NRG_TI_GASM(1.0),12/11/25 11:00:00,Monthly,Natural gas,Russia,Million cubic metres,Sweden,2022-12,0.000,,
ESTAT:NRG_TI_GASM(1.0),12/11/25 11:00:00,Monthly,Natural gas,Russia,Million cubic metres,Sweden,2023-01,16.903,,
ESTAT:NRG_TI_GASM(1.0),12/11/25 11:00:00,Monthly,Natural gas,Russia,Million cubic metres,Sweden,2023-02,0.000,,
ESTAT:NRG_TI_GASM(1.0),12/11/25 11:00:00,Monthly,Natural gas,Russia,Million cubic metres,Sweden,2023-03,0.000,,
ESTAT:NRG_TI_GASM(1.0),12/11/25 11:00:00,Monthly,Natural gas,Russia,Million cubic metres,Sweden,2023-04,0.000,,
ESTAT:NRG_TI_GASM(1.0),12/11/25 11:00:00,Monthly,Natural gas,Russia,Million cubic metres,Sweden,2023-05,0.000,,
ESTAT:NRG_TI_GASM(1.0),12/11/25 11:00:00,Monthly,Natural gas,Russia,Million cubic metres,Sweden,2023-06,0.000,,
ESTAT:NRG_TI_GASM(1.0),12/11/25 11:00:00,Monthly,Natural gas,Russia,Million cubic metres,Sweden,2023-07,7.197,,
ESTAT:NRG_TI_GASM(1.0),12/11/25 11:00:00,Monthly,Natural gas,Russia,Million cubic metres,Sweden,2023-08,12.380,,
ESTAT:NRG_TI_GASM(1.0),12/11/25 11:00:00,Monthly,Natural gas,Russia,Million cubic metres,Sweden,2023-09,9.584,,
ESTAT:NRG_TI_GASM(1.0),12/11/25 11:00:00,Monthly,Natural gas,Russia,Million cubic metres,Sweden,2023-10,11.243,,
ESTAT:NRG_TI_GASM(1.0),12/11/25 11:00:00,Monthly,Natural gas,Russia,Million cubic metres,Sweden,2023-11,12.857,,
ESTAT:NRG_TI_GASM(1.0),12/11/25 11:00:00,Monthly,Natural gas,Russia,Million cubic metres,Sweden,2023-12,12.229,,
ESTAT:NRG_TI_GASM(1.0),12/11/25 11:00:00,Monthly,Natural gas,Russia,Million cubic metres,Sweden,2024-01,8.122,,
ESTAT:NRG_TI_GASM(1.0),12/11/25 11:00:00,Monthly,Natural gas,Russia,Million cubic metres,Sweden,2024-02,16.732,,
ESTAT:NRG_TI_GASM(1.0),12/11/25 11:00:00,Monthly,Natural gas,Russia,Million cubic metres,Sweden,2024-03,10.877,,
ESTAT:NRG_TI_GASM(1.0),12/11/25 11:00:00,Monthly,Natural gas,Russia,Million cubic metres,Sweden,2024-04,7.503,,
ESTAT:NRG_TI_GASM(1.0),12/11/25 11:00:00,Monthly,Natural gas,Russia,Million cubic metres,Sweden,2024-05,11.714,,
ESTAT:NRG_TI_GASM(1.0),12/11/25 11:00:00,Monthly,Natural gas,Russia,Million cubic metres,Sweden,2024-06,0.000,,
ESTAT:NRG_TI_GASM(1.0),12/11/25 11:00:00,Monthly,Natural gas,Russia,Million cubic metres,Sweden,2024-07,0.000,,
ESTAT:NRG_TI_GASM(1.0),12/11/25 11:00:00,Monthly,Natural gas,Russia,Million cubic metres,Sweden,2024-08,0.000,,
ESTAT:NRG_TI_GASM(1.0),12/11/25 11:00:00,Monthly,Natural gas,Russia,Million cubic metres,Sweden,2024-09,0.000,,
ESTAT:NRG_TI_GASM(1.0),12/11/25 11:00:00,Monthly,Natural gas,Russia,Million cubic metres,Sweden,2024-10,0.000,,
ESTAT:NRG_TI_GASM(1.0),12/11/25 11:00:00,Monthly,Natural gas,Russia,Million cubic metres,Sweden,2024-11,0.000,,
ESTAT:NRG_TI_GASM(1.0),12/11/25 11:00:00,Monthly,Natural gas,Russia,Million cubic metres,Sweden,2024-12,0.000,,
ESTAT:NRG_TI_GASM(1.0),12/11/25 11:00:00,Monthly,Natural gas,Russia,Million cubic metres,Sweden,2025-01,0.000,,
ESTAT:NRG_TI_GASM(1.0),12/11/25 11:00:00,Monthly,Natural gas,Russia,Million cubic metres,Sweden,2025-02,0.000,,
ESTAT:NRG_TI_GASM(1.0),12/11/25 11:00:00,Monthly,Natural gas,Russia,Million cubic metres,Sweden,2025-03,0.000,,
ESTAT:NRG_TI_GASM(1.0),12/11/25 11:00:00,Monthly,Natural gas,Russia,Million cubic metres,Sweden,2025-04,0.000,,
ESTAT:NRG_TI_GASM(1.0),12/11/25 11:00:00,Monthly,Natural gas,Russia,Million cubic metres,Sweden,2025-05,0.000,,
ESTAT:NRG_TI_GASM(1.0),12/11/25 11:00:00,Monthly,Natural gas,Russia,Million cubic metres,Sweden,2025-06,0.000,,
ESTAT:NRG_TI_GASM(1.0),12/11/25 11:00:00,Monthly,Natural gas,Russia,Million cubic metres,Sweden,2025-07,0.000,,
ESTAT:NRG_TI_GASM(1.0),12/11/25 11:00:00,Monthly,Natural gas,Russia,Million cubic metres,Sweden,2025-08,0.000,,
ESTAT:NRG_TI_GASM(1.0),12/11/25 11:00:00,Monthly,Natural gas,Russia,Million cubic metres,Sweden,2025-09,0.000,,
