DATAFLOW,LAST UPDATE,freq,siec,unit,geo,TIME_PERIOD,OBS_VALUE,OBS_FLAG,CONF_STATUS
ESTAT:NRG_CB_PEM(1.0),11/11/25 23:00:00,Monthly,Hydro,Gigawatt-hour,Bulgaria,2019-01,268.191,,
ESTAT:NRG_CB_PEM(1.0),11/11/25 23:00:00,Monthly,Hydro,Gigawatt-hour,Bulgaria,2019-02,328.994,,
ESTAT:NRG_CB_PEM(1.0),11/11/25 23:00:00,Monthly,Hydro,Gigawatt-hour,Bulgaria,2019-03,296.738,,
ESTAT:NRG_CB_PEM(1.0),11/11/25 23:00:00,Monthly,Hydro,Gigawatt-hour,Bulgaria,2019-04,282.423,,
ESTAT:NRG_CB_PEM(1.0),11/11/25 23:00:00,Monthly,Hydro,Gigawatt-hour,Bulgaria,2019-05,374.126,,
ESTAT:NRG_CB_PEM(1.0),11/11/25 23:00:00,Monthly,Hydro,Gigawatt-hour,Bulgaria,2019-06,460.469,,
ESTAT:NRG_CB_PEM(1.0),11/11/25 23:00:00,Monthly,Hydro,Gigawatt-hour,Bulgaria,2019-07,276.247,,
ESTAT:NRG_CB_PEM(1.0),11/11/25 23:00:00,Monthly,Hydro,Gigawatt-hour,Bulgaria,2019-08,252.310,,
ESTAT:NRG_CB_PEM(1.0),11/11/25 23:00:00,Monthly,Hydro,Gigawatt-hour,Bulgaria,2019-09,165.861,,
ESTAT:NRG_CB_PEM(1.0),11/11/25 23:00:00,Monthly,Hydro,Gigawatt-hour,Bulgaria,2019-10,181.817,,
ESTAT:NRG_CB_PEM(1.0),11/11/25 23:00:00,Monthly,Hydro,Gigawatt-hour,Bulgaria,2019-11,209.061,,
ESTAT:NRG_CB_PEM(1.0),11/11/25 23:00:00,Monthly,Hydro,Gigawatt-hour,Bulgaria,2019-12,259.073,,
ESTAT:NRG_CB_PEM(1.0),11/11/25 23:00:00,Monthly,Hydro,Gigawatt-hour,Bulgaria,2020-01,148.865,,
ESTAT:NRG_CB_PEM(1.0),11/11/25 23:00:00,Monthly,Hydro,Gigawatt-hour,Bulgaria,2020-02,158.618,,
ESTAT:NRG_CB_PEM(1.0),11/11/25 23:00:00,Monthly,Hydro,Gigawatt-hour,Bulgaria,2020-03,335.050,,
ESTAT:NRG_CB_PEM(1.0),11/11/25 23:00:00,Monthly,Hydro,Gigawatt-hour,Bulgaria,2020-04,451.699,,
ESTAT:NRG_CB_PEM(1.0),11/11/25 23:00:00,Monthly,Hydro,Gigawatt-hour,Bulgaria,2020-05,424.220,,
ESTAT:NRG_CB_PEM(1.0),11/11/25 23:00:00,Monthly,Hydro,Gigawatt-hour,Bulgaria,2020-06,382.408,,
ESTAT:NRG_CB_PEM(1.0),11/11/25 23:00:00,Monthly,Hydro,Gigawatt-hour,Bulgaria,2020-07,302.918,,
ESTAT:NRG_CB_PEM(1.0),11/11/25 23:00:00,Monthly,Hydro,Gigawatt-hour,Bulgaria,2020-08,240.679,,
ESTAT:NRG_CB_PEM(1.0),11/11/25 23:00:00,Monthly,Hydro,Gigawatt-hour,Bulgaria,2020-09,197.526,,
ESTAT:NRG_CB_PEM(1.0),11/11/25 23:00:00,Monthly,Hydro,Gigawatt-hour,Bulgaria,2020-10,203.192,,
ESTAT:NRG_CB_PEM(1.0),11/11/25 23:00:00,Monthly,Hydro,Gigawatt-hour,Bulgaria,2020-11,239.489,,
ESTAT:NRG_CB_PEM(1.0),11/11/25 23:00:00,Monthly,Hydro,Gigawatt-hour,Bulgaria,2020-12,289.958,,
ESTAT:NRG_CB_PEM(1.0),11/11/25 23:00:00,Monthly,Hydro,Gigawatt-hour,Bulgaria,2021-01,559.945,,
ESTAT:NRG_CB_PEM(1.0),11/11/25 23:00:00,Monthly,Hydro,Gigawatt-hour,Bulgaria,2021-02,534.611,,
ESTAT:NRG_CB_PEM(1.0),11/11/25 23:00:00,Monthly,Hydro,Gigawatt-hour,Bulgaria,2021-03,518.521,,
ESTAT:NRG_CB_PEM(1.0),11/11/25 23:00:00,Monthly,Hydro,Gigawatt-hour,Bulgaria,2021-04,609.889,,
ESTAT:NRG_CB_PEM(1.0),11/11/25 23:00:00,Monthly,Hydro,Gigawatt-hour,Bulgaria,2021-05,610.364,,
ESTAT:NRG_CB_PEM(1.0),11/11/25 23:00:00,Monthly,Hydro,Gigawatt-hour,Bulgaria,2021-06,521.914,,
ESTAT:NRG_CB_PEM(1.0),11/11/25 23:00:00,Monthly,Hydro,Gigawatt-hour,Bulgaria,2021-07,333.183,,
ESTAT:NRG_CB_PEM(1.0),11/11/25 23:00:00,Monthly,Hydro,Gigawatt-hour,Bulgaria,2021-08,244.447,,
ESTAT:NRG_CB_PEM(1.0),11/11/25 23:00:00,Monthly,Hydro,Gigawatt-hour,Bulgaria,2021-09,197.894,,
ESTAT:NRG_CB_PEM(1.0),11/11/25 23:00:00,Monthly,Hydro,Gigawatt-hour,Bulgaria,2021-10,265.637,,
ESTAT:NRG_CB_PEM(1.0),11/11/25 23:00:00,Monthly,Hydro,Gigawatt-hour,Bulgaria,2021-11,236.688,,
ESTAT:NRG_CB_PEM(1.0),11/11/25 23:00:00,Monthly,Hydro,Gigawatt-hour,Bulgaria,2021-12,461.316,,
ESTAT:NRG_CB_PEM(1.0),11/11/25 23:00:00,Monthly,Hydro,Gigawatt-hour,Bulgaria,2022-01,422.157,,
ESTAT:NRG_CB_PEM(1.0),11/11/25 23:00:00,Monthly,Hydro,Gigawatt-hour,Bulgaria,2022-02,280.854,,
ESTAT:NRG_CB_PEM(1.0),11/11/25 23:00:00,Monthly,Hydro,Gigawatt-hour,Bulgaria,2022-03,378.875,,
ESTAT:NRG_CB_PEM(1.0),11/11/25 23:00:00,Monthly,Hydro,Gigawatt-hour,Bulgaria,2022-04,364.486,,
ESTAT:NRG_CB_PEM(1.0),11/11/25 23:00:00,Monthly,Hydro,Gigawatt-hour,Bulgaria,2022-05,407.050,,
ESTAT:NRG_CB_PEM(1.0),11/11/25 23:00:00,Monthly,Hydro,Gigawatt-hour,Bulgaria,2022-06,429.990,,
ESTAT:NRG_CB_PEM(1.0),11/11/25 23:00:00,Monthly,Hydro,Gigawatt-hour,Bulgaria,2022-07,310.820,,
ESTAT:NRG_CB_PEM(1.0),11/11/25 23:00:00,Monthly,Hydro,Gigawatt-hour,Bulgaria,2022-08,297.548,,
ESTAT:NRG_CB_PEM(1.0),11/11/25 23:00:00,Monthly,Hydro,Gigawatt-hour,Bulgaria,2022-09,195.655,,
ESTAT:NRG_CB_PEM(1.0),11/11/25 23:00:00,Monthly,Hydro,Gigawatt-hour,Bulgaria,2022-10,223.559,,
ESTAT:NRG_CB_PEM(1.0),11/11/25 23:00:00,Monthly,Hydro,Gigawatt-hour,Bulgaria,2022-11,218.338,,
ESTAT:NRG_CB_PEM(1.0),11/11/25 23:00:00,Monthly,Hydro,Gigawatt-hour,Bulgaria,2022-12,265.921,,
ESTAT:NRG_CB_PEM(1.0),11/11/25 23:00:00,Monthly,Hydro,Gigawatt-hour,Bulgaria,2023-01,244.587,,
ESTAT:NRG_CB_PEM(1.0),11/11/25 23:00:00,Monthly,Hydro,Gigawatt-hour,Bulgaria,2023-02,247.621,,
ESTAT:NRG_CB_PEM(1.0),11/11/25 23:00:00,Monthly,Hydro,Gigawatt-hour,Bulgaria,2023-03,201.887,,
ESTAT:NRG_CB_PEM(1.0),11/11/25 23:00:00,Monthly,Hydro,Gigawatt-hour,Bulgaria,2023-04,286.049,,
ESTAT:NRG_CB_PEM(1.0),11/11/25 23:00:00,Monthly,Hydro,Gigawatt-hour,Bulgaria,2023-05,390.366,,
ESTAT:NRG_CB_PEM(1.0),11/11/25 23:00:00,Monthly,Hydro,Gigawatt-hour,Bulgaria,2023-06,511.189,,
ESTAT:NRG_CB_PEM(1.0),11/11/25 23:00:00,Monthly,Hydro,Gigawatt-hour,Bulgaria,2023-07,307.296,,
ESTAT:NRG_CB_PEM(1.0),11/11/25 23:00:00,Monthly,Hydro,Gigawatt-hour,Bulgaria,2023-08,237.634,,
ESTAT:NRG_CB_PEM(1.0),11/11/25 23:00:00,Monthly,Hydro,Gigawatt-hour,Bulgaria,2023-09,139.271,,
ESTAT:NRG_CB_PEM(1.0),11/11/25 23:00:00,Monthly,Hydro,Gigawatt-hour,Bulgaria,2023-10,123.958,,
ESTAT:NRG_CB_PEM(1.0),11/11/25 23:00:00,Monthly,Hydro,Gigawatt-hour,Bulgaria,2023-11,208.299,,
ESTAT:NRG_CB_PEM(1.0),11/11/25 23:00:00,Monthly,Hydro,Gigawatt-hour,Bulgaria,2023-12,201.077,,
ESTAT:NRG_CB_PEM(1.0),11/11/25 23:00:00,Monthly,Hydro,Gigawatt-hour,Bulgaria,2024-01,207.422,,
ESTAT:NRG_CB_PEM(1.0),11/11/25 23:00:00,Monthly,Hydro,Gigawatt-hour,Bulgaria,2024-02,206.245,,
ESTAT:NRG_CB_PEM(1.0),11/11/25 23:00:00,Monthly,Hydro,Gigawatt-hour,Bulgaria,2024-03,270.546,,
ESTAT:NRG_CB_PEM(1.0),11/11/25 23:00:00,Monthly,Hydro,Gigawatt-hour,Bulgaria,2024-04,392.831,,
ESTAT:NRG_CB_PEM(1.0),11/11/25 23:00:00,Monthly,Hydro,Gigawatt-hour,Bulgaria,2024-05,502.847,,
ESTAT:NRG_CB_PEM(1.0),11/11/25 23:00:00,Monthly,Hydro,Gigawatt-hour,Bulgaria,2024-06,379.356,,
ESTAT:NRG_CB_PEM(1.0),11/11/25 23:00:00,Monthly,Hydro,Gigawatt-hour,Bulgaria,2024-07,286.688,,
ESTAT:NRG_CB_PEM(1.0),11/11/25 23:00:00,Monthly,Hydro,Gigawatt-hour,Bulgaria,2024-08,219.436,,
ESTAT:NRG_CB_PEM(1.0),11/11/25 23:00:00,Monthly,Hydro,Gigawatt-hour,Bulgaria,2024-09,135.242,,
ESTAT:NRG_CB_PEM(1.0),11/11/25 23:00:00,Monthly,Hydro,Gigawatt-hour,Bulgaria,2024-10,91.28,,
ESTAT:NRG_CB_PEM(1.0),11/11/25 23:00:00,Monthly,Hydro,Gigawatt-hour,Bulgaria,2024-11,98.09,,
ESTAT:NRG_CB_PEM(1.0),11/11/25 23:00:00,Monthly,Hydro,Gigawatt-hour,Bulgaria,2024-12,108.696,,
ESTAT:NRG_CB_PEM(1.0),11/11/25 23:00:00,Monthly,Hydro,Gigawatt-hour,Bulgaria,2025-01,175.217,,
ESTAT:NRG_CB_PEM(1.0),11/11/25 23:00:00,Monthly,Hydro,Gigawatt-hour,Bulgaria,2025-02,219.998,,
ESTAT:NRG_CB_PEM(1.0),11/11/25 23:00:00,Monthly,Hydro,Gigawatt-hour,Bulgaria,2025-03,177.315,,
ESTAT:NRG_CB_PEM(1.0),11/11/25 23:00:00,Monthly,Hydro,Gigawatt-hour,Bulgaria,2025-04,277.263,,
ESTAT:NRG_CB_PEM(1.0),11/11/25 23:00:00,Monthly,Hydro,Gigawatt-hour,Bulgaria,2025-05,352.251,,
ESTAT:NRG_CB_PEM(1.0),11/11/25 23:00:00,Monthly,Hydro,Gigawatt-hour,Bulgaria,2025-06,289.713,,
ESTAT:NRG_CB_PEM(1.0),11/11/25 23:00:00,Monthly,Hydro,Gigawatt-hour,Bulgaria,2025-07,257.709,,
ESTAT:NRG_CB_PEM(1.0),11/11/25 23:00:00,Monthly,Hydro,Gigawatt-hour,Bulgaria,2025-08,246.599,,
ESTAT:NRG_CB_PEM(1.0),11/11/25 23:00:00,Monthly,Hydro,Gigawatt-hour,Germany,2019-01,1956.213,e,
ESTAT:NRG_CB_PEM(1.0),11/11/25 23:00:00,Monthly,Hydro,Gigawatt-hour,Germany,2019-02,1687.538,e,
ESTAT:NRG_CB_PEM(1.0),11/11/25 23:00:00,Monthly,Hydro,Gigawatt-hour,Germany,2019-03,2284.022,e,
ESTAT:NRG_CB_PEM(1.0),11/11/25 23:00:00,Monthly,Hydro,Gigawatt-hour,Germany,2019-04,1974.883,e,
ESTAT:NRG_CB_PEM(1.0),11/11/25 23:00:00,Monthly,Hydro,Gigawatt-hour,Germany,2019-05,2015.995,e,
ESTAT:NRG_CB_PEM(1.0),11/11/25 23:00:00,Monthly,Hydro,Gigawatt-hour,Germany,2019-06,2105.353,e,
ESTAT:NRG_CB_PEM(1.0),11/11/25 23:00:00,Monthly,Hydro,Gigawatt-hour,Germany,2019-07,1805.206,e,
ESTAT:NRG_CB_PEM(1.0),11/11/25 23:00:00,Monthly,Hydro,Gigawatt-hour,Germany,2019-08,1940.242,e,
ESTAT:NRG_CB_PEM(1.0),11/11/25 23:00:00,Monthly,Hydro,Gigawatt-hour,Germany,2019-09,1654.250,e,
ESTAT:NRG_CB_PEM(1.0),11/11/25 23:00:00,Monthly,Hydro,Gigawatt-hour,Germany,2019-10,1846.497,e,
ESTAT:NRG_CB_PEM(1.0),11/11/25 23:00:00,Monthly,Hydro,Gigawatt-hour,Germany,2019-11,1673.012,e,
ESTAT:NRG_CB_PEM(1.0),11/11/25 23:00:00,Monthly,Hydro,Gigawatt-hour,Germany,2019-12,1832.009,e,
ESTAT:NRG_CB_PEM(1.0),11/11/25 23:00:00,Monthly,Hydro,Gigawatt-hour,Germany,2020-01,1660.882,e,
ESTAT:NRG_CB_PEM(1.0),11/11/25 23:00:00,Monthly,Hydro,Gigawatt-hour,Germany,2020-02,2046.901,e,
ESTAT:NRG_CB_PEM(1.0),11/11/25 23:00:00,Monthly,Hydro,Gigawatt-hour,Germany,2020-03,2147.660,e,
ESTAT:NRG_CB_PEM(1.0),11/11/25 23:00:00,Monthly,Hydro,Gigawatt-hour,Germany,2020-04,1765.563,e,
ESTAT:NRG_CB_PEM(1.0),11/11/25 23:00:00,Monthly,Hydro,Gigawatt-hour,Germany,2020-05,1894.430,e,
ESTAT:NRG_CB_PEM(1.0),11/11/25 23:00:00,Monthly,Hydro,Gigawatt-hour,Germany,2020-06,1890.425,e,
ESTAT:NRG_CB_PEM(1.0),11/11/25 23:00:00,Monthly,Hydro,Gigawatt-hour,Germany,2020-07,1968.046,e,
ESTAT:NRG_CB_PEM(1.0),11/11/25 23:00:00,Monthly,Hydro,Gigawatt-hour,Germany,2020-08,1696.615,e,
ESTAT:NRG_CB_PEM(1.0),11/11/25 23:00:00,Monthly,Hydro,Gigawatt-hour,Germany,2020-09,1703.647,e,
ESTAT:NRG_CB_PEM(1.0),11/11/25 23:00:00,Monthly,Hydro,Gigawatt-hour,Germany,2020-10,2141.908,e,
ESTAT:NRG_CB_PEM(1.0),11/11/25 23:00:00,Monthly,Hydro,Gigawatt-hour,Germany,2020-11,1667.748,e,
ESTAT:NRG_CB_PEM(1.0),11/11/25 23:00:00,Monthly,Hydro,Gigawatt-hour,Germany,2020-12,1630.132,e,
ESTAT:NRG_CB_PEM(1.0),11/11/25 23:00:00,Monthly,Hydro,Gigawatt-hour,Germany,2021-01,1623.310,e,
ESTAT:NRG_CB_PEM(1.0),11/11/25 23:00:00,Monthly,Hydro,Gigawatt-hour,Germany,2021-02,1783.455,e,
ESTAT:NRG_CB_PEM(1.0),11/11/25 23:00:00,Monthly,Hydro,Gigawatt-hour,Germany,2021-03,1827.304,e,
ESTAT:NRG_CB_PEM(1.0),11/11/25 23:00:00,Monthly,Hydro,Gigawatt-hour,Germany,2021-04,1432.969,e,
ESTAT:NRG_CB_PEM(1.0),11/11/25 23:00:00,Monthly,Hydro,Gigawatt-hour,Germany,2021-05,2012.198,e,
ESTAT:NRG_CB_PEM(1.0),11/11/25 23:00:00,Monthly,Hydro,Gigawatt-hour,Germany,2021-06,2075.922,e,
ESTAT:NRG_CB_PEM(1.0),11/11/25 23:00:00,Monthly,Hydro,Gigawatt-hour,Germany,2021-07,2051.989,e,
ESTAT:NRG_CB_PEM(1.0),11/11/25 23:00:00,Monthly,Hydro,Gigawatt-hour,Germany,2021-08,2139.715,e,
ESTAT:NRG_CB_PEM(1.0),11/11/25 23:00:00,Monthly,Hydro,Gigawatt-hour,Germany,2021-09,1757.862,e,
ESTAT:NRG_CB_PEM(1.0),11/11/25 23:00:00,Monthly,Hydro,Gigawatt-hour,Germany,2021-10,1488.613,e,
ESTAT:NRG_CB_PEM(1.0),11/11/25 23:00:00,Monthly,Hydro,Gigawatt-hour,Germany,2021-11,1488.575,e,
ESTAT:NRG_CB_PEM(1.0),11/11/25 23:00:00,Monthly,Hydro,Gigawatt-hour,Germany,2021-12,1803.217,e,
ESTAT:NRG_CB_PEM(1.0),11/11/25 23:00:00,Monthly,Hydro,Gigawatt-hour,Germany,2022-01,1844.526,e,
ESTAT:NRG_CB_PEM(1.0),11/11/25 23:00:00,Monthly,Hydro,Gigawatt-hour,Germany,2022-02,1797.732,e,
ESTAT:NRG_CB_PEM(1.0),11/11/25 23:00:00,Monthly,Hydro,Gigawatt-hour,Germany,2022-03,1625.674,e,
ESTAT:NRG_CB_PEM(1.0),11/11/25 23:00:00,Monthly,Hydro,Gigawatt-hour,Germany,2022-04,1773.329,e,
ESTAT:NRG_CB_PEM(1.0),11/11/25 23:00:00,Monthly,Hydro,Gigawatt-hour,Germany,2022-05,1824.455,e,
ESTAT:NRG_CB_PEM(1.0),11/11/25 23:00:00,Monthly,Hydro,Gigawatt-hour,Germany,2022-06,1787.628,e,
ESTAT:NRG_CB_PEM(1.0),11/11/25 23:00:00,Monthly,Hydro,Gigawatt-hour,Germany,2022-07,1595.670,e,
ESTAT:NRG_CB_PEM(1.0),11/11/25 23:00:00,Monthly,Hydro,Gigawatt-hour,Germany,2022-08,1382.197,e,
ESTAT:NRG_CB_PEM(1.0),11/11/25 23:00:00,Monthly,Hydro,Gigawatt-hour,Germany,2022-09,1456.874,e,
ESTAT:NRG_CB_PEM(1.0),11/11/25 23:00:00,Monthly,Hydro,Gigawatt-hour,Germany,2022-10,1852.471,e,
ESTAT:NRG_CB_PEM(1.0),11/11/25 23:00:00,Monthly,Hydro,Gigawatt-hour,Germany,2022-11,1631.430,e,
ESTAT:NRG_CB_PEM(1.0),11/11/25 23:00:00,Monthly,Hydro,Gigawatt-hour,Germany,2022-12,1727.605,e,
ESTAT:NRG_CB_PEM(1.0),11/11/25 23:00:00,Monthly,Hydro,Gigawatt-hour,Germany,2023-01,1832.497,e,
ESTAT:NRG_CB_PEM(1.0),11/11/25 23:00:00,Monthly,Hydro,Gigawatt-hour,Germany,2023-02,1370.261,e,
ESTAT:NRG_CB_PEM(1.0),11/11/25 23:00:00,Monthly,Hydro,Gigawatt-hour,Germany,2023-03,1857.269,e,
ESTAT:NRG_CB_PEM(1.0),11/11/25 23:00:00,Monthly,Hydro,Gigawatt-hour,Germany,2023-04,2096.344,e,
ESTAT:NRG_CB_PEM(1.0),11/11/25 23:00:00,Monthly,Hydro,Gigawatt-hour,Germany,2023-05,2355.944,e,
ESTAT:NRG_CB_PEM(1.0),11/11/25 23:00:00,Monthly,Hydro,Gigawatt-hour,Germany,2023-06,1655.247,e,
ESTAT:NRG_CB_PEM(1.0),11/11/25 23:00:00,Monthly,Hydro,Gigawatt-hour,Germany,2023-07,1506.962,e,
ESTAT:NRG_CB_PEM(1.0),11/11/25 23:00:00,Monthly,Hydro,Gigawatt-hour,Germany,2023-08,1894.075,e,
ESTAT:NRG_CB_PEM(1.0),11/11/25 23:00:00,Monthly,Hydro,Gigawatt-hour,Germany,2023-09,1641.266,e,
ESTAT:NRG_CB_PEM(1.0),11/11/25 23:00:00,Monthly,Hydro,Gigawatt-hour,Germany,2023-10,1381.162,e,
ESTAT:NRG_CB_PEM(1.0),11/11/25 23:00:00,Monthly,Hydro,Gigawatt-hour,Germany,2023-11,1973.391,e,
ESTAT:NRG_CB_PEM(1.0),11/11/25 23:00:00,Monthly,Hydro,Gigawatt-hour,Germany,2023-12,2321.421,e,
ESTAT:NRG_CB_PEM(1.0),11/11/25 23:00:00,Monthly,Hydro,Gigawatt-hour,Germany,2024-01,2209.92,e,
ESTAT:NRG_CB_PEM(1.0),11/11/25 23:00:00,Monthly,Hydro,Gigawatt-hour,Germany,2024-02,2017.337,e,
ESTAT:NRG_CB_PEM(1.0),11/11/25 23:00:00,Monthly,Hydro,Gigawatt-hour,Germany,2024-03,2033.965,e,
ESTAT:NRG_CB_PEM(1.0),11/11/25 23:00:00,Monthly,Hydro,Gigawatt-hour,Germany,2024-04,2127.344,e,
ESTAT:NRG_CB_PEM(1.0),11/11/25 23:00:00,Monthly,Hydro,Gigawatt-hour,Germany,2024-05,2380.986,e,
ESTAT:NRG_CB_PEM(1.0),11/11/25 23:00:00,Monthly,Hydro,Gigawatt-hour,Germany,2024-06,2174.985,e,
ESTAT:NRG_CB_PEM(1.0),11/11/25 23:00:00,Monthly,Hydro,Gigawatt-hour,Germany,2024-07,2385.583,,
ESTAT:NRG_CB_PEM(1.0),11/11/25 23:00:00,Monthly,Hydro,Gigawatt-hour,Germany,2024-08,2068.914,e,
ESTAT:NRG_CB_PEM(1.0),11/11/25 23:00:00,Monthly,Hydro,Gigawatt-hour,Germany,2024-09,2041.178,,
ESTAT:NRG_CB_PEM(1.0),11/11/25 23:00:00,Monthly,Hydro,Gigawatt-hour,Germany,2024-10,2149.678,,
ESTAT:NRG_CB_PEM(1.0),11/11/25 23:00:00,Monthly,Hydro,Gigawatt-hour,Germany,2024-11,1624.547,,
ESTAT:NRG_CB_PEM(1.0),11/11/25 23:00:00,Monthly,Hydro,Gigawatt-hour,Germany,2024-12,1958.778,,
ESTAT:NRG_CB_PEM(1.0),11/11/25 23:00:00,Monthly,Hydro,Gigawatt-hour,Germany,2025-01,1980.954,,
ESTAT:NRG_CB_PEM(1.0),11/11/25 23:00:00,Monthly,Hydro,Gigawatt-hour,Germany,2025-02,1691.073,,
ESTAT:NRG_CB_PEM(1.0),11/11/25 23:00:00,Monthly,Hydro,Gigawatt-hour,Germany,2025-03,1605.62,,
ESTAT:NRG_CB_PEM(1.0),11/11/25 23:00:00,Monthly,Hydro,Gigawatt-hour,Germany,2025-04,1640.675,,
ESTAT:NRG_CB_PEM(1.0),11/11/25 23:00:00,Monthly,Hydro,Gigawatt-hour,Germany,2025-05,1778.865,,
ESTAT:NRG_CB_PEM(1.0),11/11/25 23:00:00,Monthly,Hydro,Gigawatt-hour,Germany,2025-06,1912.878,,
ESTAT:NRG_CB_PEM(1.0),11/11/25 23:00:00,Monthly,Hydro,Gigawatt-hour,Germany,2025-07,1872.679,,
ESTAT:NRG_CB_PEM(1.0),11/11/25 23:00:00,Monthly,Hydro,Gigawatt-hour,Germany,2025-08,1963.429,,
ESTAT:NRG_CB_PEM(1.0),11/11/25 23:00:00,Monthly,Hydro,Gigawatt-hour,Denmark,2019-01,1.507,,
ESTAT:NRG_CB_PEM(1.0),11/11/25 23:00:00,Monthly,Hydro,Gigawatt-hour,Denmark,2019-02,1.692,,
ESTAT:NRG_CB_PEM(1.0),11/11/25 23:00:00,Monthly,Hydro,Gigawatt-hour,Denmark,2019-03,2.216,,
ESTAT:NRG_CB_PEM(1.0),11/11/25 23:00:00,Monthly,Hydro,Gigawatt-hour,Denmark,2019-04,1.270,,
ESTAT:NRG_CB_PEM(1.0),11/11/25 23:00:00,Monthly,Hydro,Gigawatt-hour,Denmark,2019-05,0.943,,
ESTAT:NRG_CB_PEM(1.0),11/11/25 23:00:00,Monthly,Hydro,Gigawatt-hour,Denmark,2019-06,0.736,,
ESTAT:NRG_CB_PEM(1.0),11/11/25 23:00:00,Monthly,Hydro,Gigawatt-hour,Denmark,2019-07,0.565,,
ESTAT:NRG_CB_PEM(1.0),11/11/25 23:00:00,Monthly,Hydro,Gigawatt-hour,Denmark,2019-08,0.802,,
ESTAT:NRG_CB_PEM(1.0),11/11/25 23:00:00,Monthly,Hydro,Gigawatt-hour,Denmark,2019-09,1.123,,
ESTAT:NRG_CB_PEM(1.0),11/11/25 23:00:00,Monthly,Hydro,Gigawatt-hour,Denmark,2019-10,1.833,,
ESTAT:NRG_CB_PEM(1.0),11/11/25 23:00:00,Monthly,Hydro,Gigawatt-hour,Denmark,2019-11,2.054,,
ESTAT:NRG_CB_PEM(1.0),11/11/25 23:00:00,Monthly,Hydro,Gigawatt-hour,Denmark,2019-12,2.273,,
ESTAT:NRG_CB_PEM(1.0),11/11/25 23:00:00,Monthly,Hydro,Gigawatt-hour,Denmark,2020-01,2.133,,
ESTAT:NRG_CB_PEM(1.0),11/11/25 23:00:00,Monthly,Hydro,Gigawatt-hour,Denmark,2020-02,2.701,,
ESTAT:NRG_CB_PEM(1.0),11/11/25 23:00:00,Monthly,Hydro,Gigawatt-hour,Denmark,2020-03,2.642,,
ESTAT:NRG_CB_PEM(1.0),11/11/25 23:00:00,Monthly,Hydro,Gigawatt-hour,Denmark,2020-04,1.342,,
ESTAT:NRG_CB_PEM(1.0),11/11/25 23:00:00,Monthly,Hydro,Gigawatt-hour,Denmark,2020-05,1.107,,
ESTAT:NRG_CB_PEM(1.0),11/11/25 23:00:00,Monthly,Hydro,Gigawatt-hour,Denmark,2020-06,0.884,,
ESTAT:NRG_CB_PEM(1.0),11/11/25 23:00:00,Monthly,Hydro,Gigawatt-hour,Denmark,2020-07,0.864,,
ESTAT:NRG_CB_PEM(1.0),11/11/25 23:00:00,Monthly,Hydro,Gigawatt-hour,Denmark,2020-08,0.800,,
ESTAT:NRG_CB_PEM(1.0),11/11/25 23:00:00,Monthly,Hydro,Gigawatt-hour,Denmark,2020-09,1.044,,
ESTAT:NRG_CB_PEM(1.0),11/11/25 23:00:00,Monthly,Hydro,Gigawatt-hour,Denmark,2020-10,1.080,,
ESTAT:NRG_CB_PEM(1.0),11/11/25 23:00:00,Monthly,Hydro,Gigawatt-hour,Denmark,2020-11,1.249,,
ESTAT:NRG_CB_PEM(1.0),11/11/25 23:00:00,Monthly,Hydro,Gigawatt-hour,Denmark,2020-12,1.279,,
ESTAT:NRG_CB_PEM(1.0),11/11/25 23:00:00,Monthly,Hydro,Gigawatt-hour,Denmark,2021-01,1.912,,
ESTAT:NRG_CB_PEM(1.0),11/11/25 23:00:00,Monthly,Hydro,Gigawatt-hour,Denmark,2021-02,1.503,,
ESTAT:NRG_CB_PEM(1.0),11/11/25 23:00:00,Monthly,Hydro,Gigawatt-hour,Denmark,2021-03,1.695,,
ESTAT:NRG_CB_PEM(1.0),11/11/25 23:00:00,Monthly,Hydro,Gigawatt-hour,Denmark,2021-04,1.277,,
ESTAT:NRG_CB_PEM(1.0),11/11/25 23:00:00,Monthly,Hydro,Gigawatt-hour,Denmark,2021-05,1.476,,
ESTAT:NRG_CB_PEM(1.0),11/11/25 23:00:00,Monthly,Hydro,Gigawatt-hour,Denmark,2021-06,1.040,,
ESTAT:NRG_CB_PEM(1.0),11/11/25 23:00:00,Monthly,Hydro,Gigawatt-hour,Denmark,2021-07,0.744,,
ESTAT:NRG_CB_PEM(1.0),11/11/25 23:00:00,Monthly,Hydro,Gigawatt-hour,Denmark,2021-08,0.983,,
ESTAT:NRG_CB_PEM(1.0),11/11/25 23:00:00,Monthly,Hydro,Gigawatt-hour,Denmark,2021-09,1.006,,
ESTAT:NRG_CB_PEM(1.0),11/11/25 23:00:00,Monthly,Hydro,Gigawatt-hour,Denmark,2021-10,1.502,,
ESTAT:NRG_CB_PEM(1.0),11/11/25 23:00:00,Monthly,Hydro,Gigawatt-hour,Denmark,2021-11,1.398,,
ESTAT:NRG_CB_PEM(1.0),11/11/25 23:00:00,Monthly,Hydro,Gigawatt-hour,Denmark,2021-12,1.831,,
ESTAT:NRG_CB_PEM(1.0),11/11/25 23:00:00,Monthly,Hydro,Gigawatt-hour,Denmark,2022-01,1.900,,
ESTAT:NRG_CB_PEM(1.0),11/11/25 23:00:00,Monthly,Hydro,Gigawatt-hour,Denmark,2022-02,2.100,,
ESTAT:NRG_CB_PEM(1.0),11/11/25 23:00:00,Monthly,Hydro,Gigawatt-hour,Denmark,2022-03,2.000,,
ESTAT:NRG_CB_PEM(1.0),11/11/25 23:00:00,Monthly,Hydro,Gigawatt-hour,Denmark,2022-04,1.300,,
ESTAT:NRG_CB_PEM(1.0),11/11/25 23:00:00,Monthly,Hydro,Gigawatt-hour,Denmark,2022-05,0.900,,
ESTAT:NRG_CB_PEM(1.0),11/11/25 23:00:00,Monthly,Hydro,Gigawatt-hour,Denmark,2022-06,0.800,,
ESTAT:NRG_CB_PEM(1.0),11/11/25 23:00:00,Monthly,Hydro,Gigawatt-hour,Denmark,2022-07,0.700,,
ESTAT:NRG_CB_PEM(1.0),11/11/25 23:00:00,Monthly,Hydro,Gigawatt-hour,Denmark,2022-08,0.700,,
ESTAT:NRG_CB_PEM(1.0),11/11/25 23:00:00,Monthly,Hydro,Gigawatt-hour,Denmark,2022-09,0.800,,
ESTAT:NRG_CB_PEM(1.0),11/11/25 23:00:00,Monthly,Hydro,Gigawatt-hour,Denmark,2022-10,1.100,,
ESTAT:NRG_CB_PEM(1.0),11/11/25 23:00:00,Monthly,Hydro,Gigawatt-hour,Denmark,2022-11,1.200,,
ESTAT:NRG_CB_PEM(1.0),11/11/25 23:00:00,Monthly,Hydro,Gigawatt-hour,Denmark,2022-12,1.400,,
ESTAT:NRG_CB_PEM(1.0),11/11/25 23:00:00,Monthly,Hydro,Gigawatt-hour,Denmark,2023-01,2.753,,
ESTAT:NRG_CB_PEM(1.0),11/11/25 23:00:00,Monthly,Hydro,Gigawatt-hour,Denmark,2023-02,1.955,,
ESTAT:NRG_CB_PEM(1.0),11/11/25 23:00:00,Monthly,Hydro,Gigawatt-hour,Denmark,2023-03,1.853,,
ESTAT:NRG_CB_PEM(1.0),11/11/25 23:00:00,Monthly,Hydro,Gigawatt-hour,Denmark,2023-04,1.841,,
ESTAT:NRG_CB_PEM(1.0),11/11/25 23:00:00,Monthly,Hydro,Gigawatt-hour,Denmark,2023-05,1.059,,
ESTAT:NRG_CB_PEM(1.0),11/11/25 23:00:00,Monthly,Hydro,Gigawatt-hour,Denmark,2023-06,0.490,,
ESTAT:NRG_CB_PEM(1.0),11/11/25 23:00:00,Monthly,Hydro,Gigawatt-hour,Denmark,2023-07,0.825,,
ESTAT:NRG_CB_PEM(1.0),11/11/25 23:00:00,Monthly,Hydro,Gigawatt-hour,Denmark,2023-08,1.035,,
ESTAT:NRG_CB_PEM(1.0),11/11/25 23:00:00,Monthly,Hydro,Gigawatt-hour,Denmark,2023-09,1.055,,
ESTAT:NRG_CB_PEM(1.0),11/11/25 23:00:00,Monthly,Hydro,Gigawatt-hour,Denmark,2023-10,1.769,,
ESTAT:NRG_CB_PEM(1.0),11/11/25 23:00:00,Monthly,Hydro,Gigawatt-hour,Denmark,2023-11,2.486,,
ESTAT:NRG_CB_PEM(1.0),11/11/25 23:00:00,Monthly,Hydro,Gigawatt-hour,Denmark,2023-12,2.506,,
ESTAT:NRG_CB_PEM(1.0),11/11/25 23:00:00,Monthly,Hydro,Gigawatt-hour,Denmark,2024-01,2.886,,
ESTAT:NRG_CB_PEM(1.0),11/11/25 23:00:00,Monthly,Hydro,Gigawatt-hour,Denmark,2024-02,3.068,,
ESTAT:NRG_CB_PEM(1.0),11/11/25 23:00:00,Monthly,Hydro,Gigawatt-hour,Denmark,2024-03,2.291,,
ESTAT:NRG_CB_PEM(1.0),11/11/25 23:00:00,Monthly,Hydro,Gigawatt-hour,Denmark,2024-04,2.49,,
ESTAT:NRG_CB_PEM(1.0),11/11/25 23:00:00,Monthly,Hydro,Gigawatt-hour,Denmark,2024-05,1.576,,
ESTAT:NRG_CB_PEM(1.0),11/11/25 23:00:00,Monthly,Hydro,Gigawatt-hour,Denmark,2024-06,1.426,,
ESTAT:NRG_CB_PEM(1.0),11/11/25 23:00:00,Monthly,Hydro,Gigawatt-hour,Denmark,2024-07,1.592,,
ESTAT:NRG_CB_PEM(1.0),11/11/25 23:00:00,Monthly,Hydro,Gigawatt-hour,Denmark,2024-08,1.377,,
ESTAT:NRG_CB_PEM(1.0),11/11/25 23:00:00,Monthly,Hydro,Gigawatt-hour,Denmark,2024-09,1.345,,
ESTAT:NRG_CB_PEM(1.0),11/11/25 23:00:00,Monthly,Hydro,Gigawatt-hour,Denmark,2024-10,1.462,,
ESTAT:NRG_CB_PEM(1.0),11/11/25 23:00:00,Monthly,Hydro,Gigawatt-hour,Denmark,2024-11,0,,
ESTAT:NRG_CB_PEM(1.0),11/11/25 23:00:00,Monthly,Hydro,Gigawatt-hour,Denmark,2024-12,0,,
ESTAT:NRG_CB_PEM(1.0),11/11/25 23:00:00,Monthly,Hydro,Gigawatt-hour,Denmark,2025-01,2.558,,
ESTAT:NRG_CB_PEM(1.0),11/11/25 23:00:00,Monthly,Hydro,Gigawatt-hour,Denmark,2025-02,1.569,,
ESTAT:NRG_CB_PEM(1.0),11/11/25 23:00:00,Monthly,Hydro,Gigawatt-hour,Denmark,2025-03,1.391,,
ESTAT:NRG_CB_PEM(1.0),11/11/25 23:00:00,Monthly,Hydro,Gigawatt-hour,Denmark,2025-04,1.235,,
ESTAT:NRG_CB_PEM(1.0),11/11/25 23:00:00,Monthly,Hydro,Gigawatt-hour,Denmark,2025-05,0.002,,
ESTAT:NRG_CB_PEM(1.0),11/11/25 23:00:00,Monthly,Hydro,Gigawatt-hour,Denmark,2025-06,0.000,,
ESTAT:NRG_CB_PEM(1.0),11/11/25 23:00:00,Monthly,Hydro,Gigawatt-hour,Denmark,2025-07,0.000,,
ESTAT:NRG_CB_PEM(1.0),11/11/25 23:00:00,Monthly,Hydro,Gigawatt-hour,Denmark,2025-08,0.000,,
ESTAT:NRG_CB_PEM(1.0),11/11/25 23:00:00,Monthly,Hydro,Gigawatt-hour,Spain,2019-01,2292.735,,
ESTAT:NRG_CB_PEM(1.0),11/11/25 23:00:00,Monthly,Hydro,Gigawatt-hour,Spain,2019-02,2671.719,,
ESTAT:NRG_CB_PEM(1.0),11/11/25 23:00:00,Monthly,Hydro,Gigawatt-hour,Spain,2019-03,2321.943,,
ESTAT:NRG_CB_PEM(1.0),11/11/25 23:00:00,Monthly,Hydro,Gigawatt-hour,Spain,2019-04,2054.320,,
ESTAT:NRG_CB_PEM(1.0),11/11/25 23:00:00,Monthly,Hydro,Gigawatt-hour,Spain,2019-05,2061.877,,
ESTAT:NRG_CB_PEM(1.0),11/11/25 23:00:00,Monthly,Hydro,Gigawatt-hour,Spain,2019-06,1681.911,,
ESTAT:NRG_CB_PEM(1.0),11/11/25 23:00:00,Monthly,Hydro,Gigawatt-hour,Spain,2019-07,1607.984,,
ESTAT:NRG_CB_PEM(1.0),11/11/25 23:00:00,Monthly,Hydro,Gigawatt-hour,Spain,2019-08,1326.959,,
ESTAT:NRG_CB_PEM(1.0),11/11/25 23:00:00,Monthly,Hydro,Gigawatt-hour,Spain,2019-09,1330.232,,
ESTAT:NRG_CB_PEM(1.0),11/11/25 23:00:00,Monthly,Hydro,Gigawatt-hour,Spain,2019-10,1236.322,,
ESTAT:NRG_CB_PEM(1.0),11/11/25 23:00:00,Monthly,Hydro,Gigawatt-hour,Spain,2019-11,2830.893,,
ESTAT:NRG_CB_PEM(1.0),11/11/25 23:00:00,Monthly,Hydro,Gigawatt-hour,Spain,2019-12,4945.852,,
ESTAT:NRG_CB_PEM(1.0),11/11/25 23:00:00,Monthly,Hydro,Gigawatt-hour,Spain,2020-01,3958.965,,
ESTAT:NRG_CB_PEM(1.0),11/11/25 23:00:00,Monthly,Hydro,Gigawatt-hour,Spain,2020-02,3064.546,,
ESTAT:NRG_CB_PEM(1.0),11/11/25 23:00:00,Monthly,Hydro,Gigawatt-hour,Spain,2020-03,3415.243,,
ESTAT:NRG_CB_PEM(1.0),11/11/25 23:00:00,Monthly,Hydro,Gigawatt-hour,Spain,2020-04,3175.978,,
ESTAT:NRG_CB_PEM(1.0),11/11/25 23:00:00,Monthly,Hydro,Gigawatt-hour,Spain,2020-05,3102.411,,
ESTAT:NRG_CB_PEM(1.0),11/11/25 23:00:00,Monthly,Hydro,Gigawatt-hour,Spain,2020-06,2413.874,,
ESTAT:NRG_CB_PEM(1.0),11/11/25 23:00:00,Monthly,Hydro,Gigawatt-hour,Spain,2020-07,2005.163,,
ESTAT:NRG_CB_PEM(1.0),11/11/25 23:00:00,Monthly,Hydro,Gigawatt-hour,Spain,2020-08,2041.008,,
ESTAT:NRG_CB_PEM(1.0),11/11/25 23:00:00,Monthly,Hydro,Gigawatt-hour,Spain,2020-09,1863.579,,
ESTAT:NRG_CB_PEM(1.0),11/11/25 23:00:00,Monthly,Hydro,Gigawatt-hour,Spain,2020-10,2120.577,,
ESTAT:NRG_CB_PEM(1.0),11/11/25 23:00:00,Monthly,Hydro,Gigawatt-hour,Spain,2020-11,2617.573,,
ESTAT:NRG_CB_PEM(1.0),11/11/25 23:00:00,Monthly,Hydro,Gigawatt-hour,Spain,2020-12,3500.205,,
ESTAT:NRG_CB_PEM(1.0),11/11/25 23:00:00,Monthly,Hydro,Gigawatt-hour,Spain,2021-01,4376.827,,
ESTAT:NRG_CB_PEM(1.0),11/11/25 23:00:00,Monthly,Hydro,Gigawatt-hour,Spain,2021-02,4917.982,,
ESTAT:NRG_CB_PEM(1.0),11/11/25 23:00:00,Monthly,Hydro,Gigawatt-hour,Spain,2021-03,4045.717,,
ESTAT:NRG_CB_PEM(1.0),11/11/25 23:00:00,Monthly,Hydro,Gigawatt-hour,Spain,2021-04,2897.228,,
ESTAT:NRG_CB_PEM(1.0),11/11/25 23:00:00,Monthly,Hydro,Gigawatt-hour,Spain,2021-05,2397.158,,
ESTAT:NRG_CB_PEM(1.0),11/11/25 23:00:00,Monthly,Hydro,Gigawatt-hour,Spain,2021-06,2286.912,,
ESTAT:NRG_CB_PEM(1.0),11/11/25 23:00:00,Monthly,Hydro,Gigawatt-hour,Spain,2021-07,2324.427,,
ESTAT:NRG_CB_PEM(1.0),11/11/25 23:00:00,Monthly,Hydro,Gigawatt-hour,Spain,2021-08,2040.503,,
ESTAT:NRG_CB_PEM(1.0),11/11/25 23:00:00,Monthly,Hydro,Gigawatt-hour,Spain,2021-09,1511.435,,
ESTAT:NRG_CB_PEM(1.0),11/11/25 23:00:00,Monthly,Hydro,Gigawatt-hour,Spain,2021-10,1253.802,,
ESTAT:NRG_CB_PEM(1.0),11/11/25 23:00:00,Monthly,Hydro,Gigawatt-hour,Spain,2021-11,1396.138,,
ESTAT:NRG_CB_PEM(1.0),11/11/25 23:00:00,Monthly,Hydro,Gigawatt-hour,Spain,2021-12,2789.474,,
ESTAT:NRG_CB_PEM(1.0),11/11/25 23:00:00,Monthly,Hydro,Gigawatt-hour,Spain,2022-01,2286.540,,
ESTAT:NRG_CB_PEM(1.0),11/11/25 23:00:00,Monthly,Hydro,Gigawatt-hour,Spain,2022-02,1454.170,,
ESTAT:NRG_CB_PEM(1.0),11/11/25 23:00:00,Monthly,Hydro,Gigawatt-hour,Spain,2022-03,2037.279,,
ESTAT:NRG_CB_PEM(1.0),11/11/25 23:00:00,Monthly,Hydro,Gigawatt-hour,Spain,2022-04,2116.656,,
ESTAT:NRG_CB_PEM(1.0),11/11/25 23:00:00,Monthly,Hydro,Gigawatt-hour,Spain,2022-05,2218.969,,
ESTAT:NRG_CB_PEM(1.0),11/11/25 23:00:00,Monthly,Hydro,Gigawatt-hour,Spain,2022-06,1462.753,,
ESTAT:NRG_CB_PEM(1.0),11/11/25 23:00:00,Monthly,Hydro,Gigawatt-hour,Spain,2022-07,1260.150,,
ESTAT:NRG_CB_PEM(1.0),11/11/25 23:00:00,Monthly,Hydro,Gigawatt-hour,Spain,2022-08,1311.609,,
ESTAT:NRG_CB_PEM(1.0),11/11/25 23:00:00,Monthly,Hydro,Gigawatt-hour,Spain,2022-09,1457.570,,
ESTAT:NRG_CB_PEM(1.0),11/11/25 23:00:00,Monthly,Hydro,Gigawatt-hour,Spain,2022-10,1104.039,,
ESTAT:NRG_CB_PEM(1.0),11/11/25 23:00:00,Monthly,Hydro,Gigawatt-hour,Spain,2022-11,1671.256,,
ESTAT:NRG_CB_PEM(1.0),11/11/25 23:00:00,Monthly,Hydro,Gigawatt-hour,Spain,2022-12,3230.351,,
ESTAT:NRG_CB_PEM(1.0),11/11/25 23:00:00,Monthly,Hydro,Gigawatt-hour,Spain,2023-01,4395.233,,
ESTAT:NRG_CB_PEM(1.0),11/11/25 23:00:00,Monthly,Hydro,Gigawatt-hour,Spain,2023-02,2713.008,,
ESTAT:NRG_CB_PEM(1.0),11/11/25 23:00:00,Monthly,Hydro,Gigawatt-hour,Spain,2023-03,2581.035,,
ESTAT:NRG_CB_PEM(1.0),11/11/25 23:00:00,Monthly,Hydro,Gigawatt-hour,Spain,2023-04,2143.074,,
ESTAT:NRG_CB_PEM(1.0),11/11/25 23:00:00,Monthly,Hydro,Gigawatt-hour,Spain,2023-05,1873.023,,
ESTAT:NRG_CB_PEM(1.0),11/11/25 23:00:00,Monthly,Hydro,Gigawatt-hour,Spain,2023-06,2203.384,,
ESTAT:NRG_CB_PEM(1.0),11/11/25 23:00:00,Monthly,Hydro,Gigawatt-hour,Spain,2023-07,1600.304,,
ESTAT:NRG_CB_PEM(1.0),11/11/25 23:00:00,Monthly,Hydro,Gigawatt-hour,Spain,2023-08,1380.176,,
ESTAT:NRG_CB_PEM(1.0),11/11/25 23:00:00,Monthly,Hydro,Gigawatt-hour,Spain,2023-09,1282.499,,
ESTAT:NRG_CB_PEM(1.0),11/11/25 23:00:00,Monthly,Hydro,Gigawatt-hour,Spain,2023-10,1931.910,,
ESTAT:NRG_CB_PEM(1.0),11/11/25 23:00:00,Monthly,Hydro,Gigawatt-hour,Spain,2023-11,3900.725,,
ESTAT:NRG_CB_PEM(1.0),11/11/25 23:00:00,Monthly,Hydro,Gigawatt-hour,Spain,2023-12,4419.516,,
ESTAT:NRG_CB_PEM(1.0),11/11/25 23:00:00,Monthly,Hydro,Gigawatt-hour,Spain,2024-01,4348.428,,
ESTAT:NRG_CB_PEM(1.0),11/11/25 23:00:00,Monthly,Hydro,Gigawatt-hour,Spain,2024-02,3523.622,,
ESTAT:NRG_CB_PEM(1.0),11/11/25 23:00:00,Monthly,Hydro,Gigawatt-hour,Spain,2024-03,5243.45,,
ESTAT:NRG_CB_PEM(1.0),11/11/25 23:00:00,Monthly,Hydro,Gigawatt-hour,Spain,2024-04,4506.276,,
ESTAT:NRG_CB_PEM(1.0),11/11/25 23:00:00,Monthly,Hydro,Gigawatt-hour,Spain,2024-05,3555.204,,
ESTAT:NRG_CB_PEM(1.0),11/11/25 23:00:00,Monthly,Hydro,Gigawatt-hour,Spain,2024-06,2892.132,,
ESTAT:NRG_CB_PEM(1.0),11/11/25 23:00:00,Monthly,Hydro,Gigawatt-hour,Spain,2024-07,2578.942,,
ESTAT:NRG_CB_PEM(1.0),11/11/25 23:00:00,Monthly,Hydro,Gigawatt-hour,Spain,2024-08,2195.524,,
ESTAT:NRG_CB_PEM(1.0),11/11/25 23:00:00,Monthly,Hydro,Gigawatt-hour,Spain,2024-09,2034.514,,
ESTAT:NRG_CB_PEM(1.0),11/11/25 23:00:00,Monthly,Hydro,Gigawatt-hour,Spain,2024-10,3236.432,,
ESTAT:NRG_CB_PEM(1.0),11/11/25 23:00:00,Monthly,Hydro,Gigawatt-hour,Spain,2024-11,2993.578,,
ESTAT:NRG_CB_PEM(1.0),11/11/25 23:00:00,Monthly,Hydro,Gigawatt-hour,Spain,2024-12,2824.486,,
ESTAT:NRG_CB_PEM(1.0),11/11/25 23:00:00,Monthly,Hydro,Gigawatt-hour,Spain,2025-01,3544.996,,
ESTAT:NRG_CB_PEM(1.0),11/11/25 23:00:00,Monthly,Hydro,Gigawatt-hour,Spain,2025-02,4502.964,,
ESTAT:NRG_CB_PEM(1.0),11/11/25 23:00:00,Monthly,Hydro,Gigawatt-hour,Spain,2025-03,4569.001,,
ESTAT:NRG_CB_PEM(1.0),11/11/25 23:00:00,Monthly,Hydro,Gigawatt-hour,Spain,2025-04,4516.826,,
ESTAT:NRG_CB_PEM(1.0),11/11/25 23:00:00,Monthly,Hydro,Gigawatt-hour,Spain,2025-05,4211.620,,
ESTAT:NRG_CB_PEM(1.0),11/11/25 23:00:00,Monthly,Hydro,Gigawatt-hour,Spain,2025-06,2882.953,,
ESTAT:NRG_CB_PEM(1.0),11/11/25 23:00:00,Monthly,Hydro,Gigawatt-hour,Spain,2025-07,2431.390,p,
ESTAT:NRG_CB_PEM(1.0),11/11/25 23:00:00,Monthly,Hydro,Gigawatt-hour,Spain,2025-08,2358.901,p,
ESTAT:NRG_CB_PEM(1.0),11/11/25 23:00:00,Monthly,Hydro,Gigawatt-hour,Finland,2019-01,966.000,,
ESTAT:NRG_CB_PEM(1.0),11/11/25 23:00:00,Monthly,Hydro,Gigawatt-hour,Finland,2019-02,820.000,,
ESTAT:NRG_CB_PEM(1.0),11/11/25 23:00:00,Monthly,Hydro,Gigawatt-hour,Finland,2019-03,975.000,,
ESTAT:NRG_CB_PEM(1.0),11/11/25 23:00:00,Monthly,Hydro,Gigawatt-hour,Finland,2019-04,1107.000,,
ESTAT:NRG_CB_PEM(1.0),11/11/25 23:00:00,Monthly,Hydro,Gigawatt-hour,Finland,2019-05,1568.000,,
ESTAT:NRG_CB_PEM(1.0),11/11/25 23:00:00,Monthly,Hydro,Gigawatt-hour,Finland,2019-06,1264.000,,
ESTAT:NRG_CB_PEM(1.0),11/11/25 23:00:00,Monthly,Hydro,Gigawatt-hour,Finland,2019-07,978.000,,
ESTAT:NRG_CB_PEM(1.0),11/11/25 23:00:00,Monthly,Hydro,Gigawatt-hour,Finland,2019-08,669.000,,
ESTAT:NRG_CB_PEM(1.0),11/11/25 23:00:00,Monthly,Hydro,Gigawatt-hour,Finland,2019-09,820.000,,
ESTAT:NRG_CB_PEM(1.0),11/11/25 23:00:00,Monthly,Hydro,Gigawatt-hour,Finland,2019-10,828.000,,
ESTAT:NRG_CB_PEM(1.0),11/11/25 23:00:00,Monthly,Hydro,Gigawatt-hour,Finland,2019-11,1058.000,,
ESTAT:NRG_CB_PEM(1.0),11/11/25 23:00:00,Monthly,Hydro,Gigawatt-hour,Finland,2019-12,1231.000,,
ESTAT:NRG_CB_PEM(1.0),11/11/25 23:00:00,Monthly,Hydro,Gigawatt-hour,Finland,2020-01,1289.475,,
ESTAT:NRG_CB_PEM(1.0),11/11/25 23:00:00,Monthly,Hydro,Gigawatt-hour,Finland,2020-02,1408.479,,
ESTAT:NRG_CB_PEM(1.0),11/11/25 23:00:00,Monthly,Hydro,Gigawatt-hour,Finland,2020-03,1555.813,,
ESTAT:NRG_CB_PEM(1.0),11/11/25 23:00:00,Monthly,Hydro,Gigawatt-hour,Finland,2020-04,1322.881,,
ESTAT:NRG_CB_PEM(1.0),11/11/25 23:00:00,Monthly,Hydro,Gigawatt-hour,Finland,2020-05,1564.914,,
ESTAT:NRG_CB_PEM(1.0),11/11/25 23:00:00,Monthly,Hydro,Gigawatt-hour,Finland,2020-06,1131.648,,
ESTAT:NRG_CB_PEM(1.0),11/11/25 23:00:00,Monthly,Hydro,Gigawatt-hour,Finland,2020-07,1132.626,,
ESTAT:NRG_CB_PEM(1.0),11/11/25 23:00:00,Monthly,Hydro,Gigawatt-hour,Finland,2020-08,1046.489,,
ESTAT:NRG_CB_PEM(1.0),11/11/25 23:00:00,Monthly,Hydro,Gigawatt-hour,Finland,2020-09,952.706,,
ESTAT:NRG_CB_PEM(1.0),11/11/25 23:00:00,Monthly,Hydro,Gigawatt-hour,Finland,2020-10,1232.875,,
ESTAT:NRG_CB_PEM(1.0),11/11/25 23:00:00,Monthly,Hydro,Gigawatt-hour,Finland,2020-11,1541.000,,
ESTAT:NRG_CB_PEM(1.0),11/11/25 23:00:00,Monthly,Hydro,Gigawatt-hour,Finland,2020-12,1440.000,,
ESTAT:NRG_CB_PEM(1.0),11/11/25 23:00:00,Monthly,Hydro,Gigawatt-hour,Finland,2021-01,1433.328,,
ESTAT:NRG_CB_PEM(1.0),11/11/25 23:00:00,Monthly,Hydro,Gigawatt-hour,Finland,2021-02,1326.408,,
ESTAT:NRG_CB_PEM(1.0),11/11/25 23:00:00,Monthly,Hydro,Gigawatt-hour,Finland,2021-03,1354.207,,
ESTAT:NRG_CB_PEM(1.0),11/11/25 23:00:00,Monthly,Hydro,Gigawatt-hour,Finland,2021-04,1400.112,,
ESTAT:NRG_CB_PEM(1.0),11/11/25 23:00:00,Monthly,Hydro,Gigawatt-hour,Finland,2021-05,1612.000,,
ESTAT:NRG_CB_PEM(1.0),11/11/25 23:00:00,Monthly,Hydro,Gigawatt-hour,Finland,2021-06,1315.000,,
ESTAT:NRG_CB_PEM(1.0),11/11/25 23:00:00,Monthly,Hydro,Gigawatt-hour,Finland,2021-07,938.973,,
ESTAT:NRG_CB_PEM(1.0),11/11/25 23:00:00,Monthly,Hydro,Gigawatt-hour,Finland,2021-08,992.000,,
ESTAT:NRG_CB_PEM(1.0),11/11/25 23:00:00,Monthly,Hydro,Gigawatt-hour,Finland,2021-09,1063.000,,
ESTAT:NRG_CB_PEM(1.0),11/11/25 23:00:00,Monthly,Hydro,Gigawatt-hour,Finland,2021-10,1302.000,,
ESTAT:NRG_CB_PEM(1.0),11/11/25 23:00:00,Monthly,Hydro,Gigawatt-hour,Finland,2021-11,1463.000,,
ESTAT:NRG_CB_PEM(1.0),11/11/25 23:00:00,Monthly,Hydro,Gigawatt-hour,Finland,2021-12,1237.000,,
ESTAT:NRG_CB_PEM(1.0),11/11/25 23:00:00,Monthly,Hydro,Gigawatt-hour,Finland,2022-01,1194.000,,
ESTAT:NRG_CB_PEM(1.0),11/11/25 23:00:00,Monthly,Hydro,Gigawatt-hour,Finland,2022-02,1116.000,,
ESTAT:NRG_CB_PEM(1.0),11/11/25 23:00:00,Monthly,Hydro,Gigawatt-hour,Finland,2022-03,1186.000,,
ESTAT:NRG_CB_PEM(1.0),11/11/25 23:00:00,Monthly,Hydro,Gigawatt-hour,Finland,2022-04,1236.000,,
ESTAT:NRG_CB_PEM(1.0),11/11/25 23:00:00,Monthly,Hydro,Gigawatt-hour,Finland,2022-05,1640.000,,
ESTAT:NRG_CB_PEM(1.0),11/11/25 23:00:00,Monthly,Hydro,Gigawatt-hour,Finland,2022-06,1267.000,,
ESTAT:NRG_CB_PEM(1.0),11/11/25 23:00:00,Monthly,Hydro,Gigawatt-hour,Finland,2022-07,1026.000,,
ESTAT:NRG_CB_PEM(1.0),11/11/25 23:00:00,Monthly,Hydro,Gigawatt-hour,Finland,2022-08,1065.000,,
ESTAT:NRG_CB_PEM(1.0),11/11/25 23:00:00,Monthly,Hydro,Gigawatt-hour,Finland,2022-09,849.000,,
ESTAT:NRG_CB_PEM(1.0),11/11/25 23:00:00,Monthly,Hydro,Gigawatt-hour,Finland,2022-10,787.000,,
ESTAT:NRG_CB_PEM(1.0),11/11/25 23:00:00,Monthly,Hydro,Gigawatt-hour,Finland,2022-11,1036.000,,
ESTAT:NRG_CB_PEM(1.0),11/11/25 23:00:00,Monthly,Hydro,Gigawatt-hour,Finland,2022-12,953.000,,
ESTAT:NRG_CB_PEM(1.0),11/11/25 23:00:00,Monthly,Hydro,Gigawatt-hour,Finland,2023-01,1104.000,,
ESTAT:NRG_CB_PEM(1.0),11/11/25 23:00:00,Monthly,Hydro,Gigawatt-hour,Finland,2023-02,1160.000,,
ESTAT:NRG_CB_PEM(1.0),11/11/25 23:00:00,Monthly,Hydro,Gigawatt-hour,Finland,2023-03,1243.000,,
ESTAT:NRG_CB_PEM(1.0),11/11/25 23:00:00,Monthly,Hydro,Gigawatt-hour,Finland,2023-04,1104.000,,
ESTAT:NRG_CB_PEM(1.0),11/11/25 23:00:00,Monthly,Hydro,Gigawatt-hour,Finland,2023-05,1504.000,,
ESTAT:NRG_CB_PEM(1.0),11/11/25 23:00:00,Monthly,Hydro,Gigawatt-hour,Finland,2023-06,1053.000,,
ESTAT:NRG_CB_PEM(1.0),11/11/25 23:00:00,Monthly,Hydro,Gigawatt-hour,Finland,2023-07,846.000,,
ESTAT:NRG_CB_PEM(1.0),11/11/25 23:00:00,Monthly,Hydro,Gigawatt-hour,Finland,2023-08,1333.000,,
ESTAT:NRG_CB_PEM(1.0),11/11/25 23:00:00,Monthly,Hydro,Gigawatt-hour,Finland,2023-09,1354.000,,
ESTAT:NRG_CB_PEM(1.0),11/11/25 23:00:00,Monthly,Hydro,Gigawatt-hour,Finland,2023-10,1607.000,,
ESTAT:NRG_CB_PEM(1.0),11/11/25 23:00:00,Monthly,Hydro,Gigawatt-hour,Finland,2023-11,1389.000,,
ESTAT:NRG_CB_PEM(1.0),11/11/25 23:00:00,Monthly,Hydro,Gigawatt-hour,Finland,2023-12,1322.000,,
ESTAT:NRG_CB_PEM(1.0),11/11/25 23:00:00,Monthly,Hydro,Gigawatt-hour,Finland,2024-01,1273,,
ESTAT:NRG_CB_PEM(1.0),11/11/25 23:00:00,Monthly,Hydro,Gigawatt-hour,Finland,2024-02,1130,,
ESTAT:NRG_CB_PEM(1.0),11/11/25 23:00:00,Monthly,Hydro,Gigawatt-hour,Finland,2024-03,1297,,
ESTAT:NRG_CB_PEM(1.0),11/11/25 23:00:00,Monthly,Hydro,Gigawatt-hour,Finland,2024-04,1316,,
ESTAT:NRG_CB_PEM(1.0),11/11/25 23:00:00,Monthly,Hydro,Gigawatt-hour,Finland,2024-05,1570,,
ESTAT:NRG_CB_PEM(1.0),11/11/25 23:00:00,Monthly,Hydro,Gigawatt-hour,Finland,2024-06,1387,,
ESTAT:NRG_CB_PEM(1.0),11/11/25 23:00:00,Monthly,Hydro,Gigawatt-hour,Finland,2024-07,1218,,
ESTAT:NRG_CB_PEM(1.0),11/11/25 23:00:00,Monthly,Hydro,Gigawatt-hour,Finland,2024-08,788,,
ESTAT:NRG_CB_PEM(1.0),11/11/25 23:00:00,Monthly,Hydro,Gigawatt-hour,Finland,2024-09,997,,
ESTAT:NRG_CB_PEM(1.0),11/11/25 23:00:00,Monthly,Hydro,Gigawatt-hour,Finland,2024-10,1077,,
ESTAT:NRG_CB_PEM(1.0),11/11/25 23:00:00,Monthly,Hydro,Gigawatt-hour,Finland,2024-11,1016,,
ESTAT:NRG_CB_PEM(1.0),11/11/25 23:00:00,Monthly,Hydro,Gigawatt-hour,Finland,2024-12,1078,,
ESTAT:NRG_CB_PEM(1.0),11/11/25 23:00:00,Monthly,Hydro,Gigawatt-hour,Finland,2025-01,1227.000,,
ESTAT:NRG_CB_PEM(1.0),11/11/25 23:00:00,Monthly,Hydro,Gigawatt-hour,Finland,2025-02,1000.000,,
ESTAT:NRG_CB_PEM(1.0),11/11/25 23:00:00,Monthly,Hydro,Gigawatt-hour,Finland,2025-03,1044.000,,
ESTAT:NRG_CB_PEM(1.0),11/11/25 23:00:00,Monthly,Hydro,Gigawatt-hour,Finland,2025-04,1145.000,,
ESTAT:NRG_CB_PEM(1.0),11/11/25 23:00:00,Monthly,Hydro,Gigawatt-hour,Finland,2025-05,1168.000,,
ESTAT:NRG_CB_PEM(1.0),11/11/25 23:00:00,Monthly,Hydro,Gigawatt-hour,Finland,2025-06,1151.000,,
ESTAT:NRG_CB_PEM(1.0),11/11/25 23:00:00,Monthly,Hydro,Gigawatt-hour,Finland,2025-07,915.000,,
ESTAT:NRG_CB_PEM(1.0),11/11/25 23:00:00,Monthly,Hydro,Gigawatt-hour,Finland,2025-08,696.000,,
ESTAT:NRG_CB_PEM(1.0),11/11/25 23:00:00,Monthly,Hydro,Gigawatt-hour,France,2019-01,5077.729,,
ESTAT:NRG_CB_PEM(1.0),11/11/25 23:00:00,Monthly,Hydro,Gigawatt-hour,France,2019-02,5149.084,,
ESTAT:NRG_CB_PEM(1.0),11/11/25 23:00:00,Monthly,Hydro,Gigawatt-hour,France,2019-03,5261.303,,
ESTAT:NRG_CB_PEM(1.0),11/11/25 23:00:00,Monthly,Hydro,Gigawatt-hour,France,2019-04,4603.341,,
ESTAT:NRG_CB_PEM(1.0),11/11/25 23:00:00,Monthly,Hydro,Gigawatt-hour,France,2019-05,5655.337,,
ESTAT:NRG_CB_PEM(1.0),11/11/25 23:00:00,Monthly,Hydro,Gigawatt-hour,France,2019-06,5865.955,,
ESTAT:NRG_CB_PEM(1.0),11/11/25 23:00:00,Monthly,Hydro,Gigawatt-hour,France,2019-07,4489.157,,
ESTAT:NRG_CB_PEM(1.0),11/11/25 23:00:00,Monthly,Hydro,Gigawatt-hour,France,2019-08,3839.025,,
ESTAT:NRG_CB_PEM(1.0),11/11/25 23:00:00,Monthly,Hydro,Gigawatt-hour,France,2019-09,2669.749,,
ESTAT:NRG_CB_PEM(1.0),11/11/25 23:00:00,Monthly,Hydro,Gigawatt-hour,France,2019-10,3894.226,,
ESTAT:NRG_CB_PEM(1.0),11/11/25 23:00:00,Monthly,Hydro,Gigawatt-hour,France,2019-11,6582.819,,
ESTAT:NRG_CB_PEM(1.0),11/11/25 23:00:00,Monthly,Hydro,Gigawatt-hour,France,2019-12,7955.814,,
ESTAT:NRG_CB_PEM(1.0),11/11/25 23:00:00,Monthly,Hydro,Gigawatt-hour,France,2020-01,6422.152,,
ESTAT:NRG_CB_PEM(1.0),11/11/25 23:00:00,Monthly,Hydro,Gigawatt-hour,France,2020-02,6393.602,,
ESTAT:NRG_CB_PEM(1.0),11/11/25 23:00:00,Monthly,Hydro,Gigawatt-hour,France,2020-03,7452.653,,
ESTAT:NRG_CB_PEM(1.0),11/11/25 23:00:00,Monthly,Hydro,Gigawatt-hour,France,2020-04,5194.953,,
ESTAT:NRG_CB_PEM(1.0),11/11/25 23:00:00,Monthly,Hydro,Gigawatt-hour,France,2020-05,6781.202,,
ESTAT:NRG_CB_PEM(1.0),11/11/25 23:00:00,Monthly,Hydro,Gigawatt-hour,France,2020-06,6457.758,,
ESTAT:NRG_CB_PEM(1.0),11/11/25 23:00:00,Monthly,Hydro,Gigawatt-hour,France,2020-07,4698.441,,
ESTAT:NRG_CB_PEM(1.0),11/11/25 23:00:00,Monthly,Hydro,Gigawatt-hour,France,2020-08,3772.321,,
ESTAT:NRG_CB_PEM(1.0),11/11/25 23:00:00,Monthly,Hydro,Gigawatt-hour,France,2020-09,3453.656,,
ESTAT:NRG_CB_PEM(1.0),11/11/25 23:00:00,Monthly,Hydro,Gigawatt-hour,France,2020-10,5241.381,,
ESTAT:NRG_CB_PEM(1.0),11/11/25 23:00:00,Monthly,Hydro,Gigawatt-hour,France,2020-11,4595.901,,
ESTAT:NRG_CB_PEM(1.0),11/11/25 23:00:00,Monthly,Hydro,Gigawatt-hour,France,2020-12,5804.669,,
ESTAT:NRG_CB_PEM(1.0),11/11/25 23:00:00,Monthly,Hydro,Gigawatt-hour,France,2021-01,7393.212,,
ESTAT:NRG_CB_PEM(1.0),11/11/25 23:00:00,Monthly,Hydro,Gigawatt-hour,France,2021-02,6974.434,,
ESTAT:NRG_CB_PEM(1.0),11/11/25 23:00:00,Monthly,Hydro,Gigawatt-hour,France,2021-03,6019.662,,
ESTAT:NRG_CB_PEM(1.0),11/11/25 23:00:00,Monthly,Hydro,Gigawatt-hour,France,2021-04,4107.976,,
ESTAT:NRG_CB_PEM(1.0),11/11/25 23:00:00,Monthly,Hydro,Gigawatt-hour,France,2021-05,6343.224,,
ESTAT:NRG_CB_PEM(1.0),11/11/25 23:00:00,Monthly,Hydro,Gigawatt-hour,France,2021-06,6290.204,,
ESTAT:NRG_CB_PEM(1.0),11/11/25 23:00:00,Monthly,Hydro,Gigawatt-hour,France,2021-07,5698.231,,
ESTAT:NRG_CB_PEM(1.0),11/11/25 23:00:00,Monthly,Hydro,Gigawatt-hour,France,2021-08,4470.908,,
ESTAT:NRG_CB_PEM(1.0),11/11/25 23:00:00,Monthly,Hydro,Gigawatt-hour,France,2021-09,3490.286,,
ESTAT:NRG_CB_PEM(1.0),11/11/25 23:00:00,Monthly,Hydro,Gigawatt-hour,France,2021-10,3104.207,,
ESTAT:NRG_CB_PEM(1.0),11/11/25 23:00:00,Monthly,Hydro,Gigawatt-hour,France,2021-11,4078.823,,
ESTAT:NRG_CB_PEM(1.0),11/11/25 23:00:00,Monthly,Hydro,Gigawatt-hour,France,2021-12,5377.399,,
ESTAT:NRG_CB_PEM(1.0),11/11/25 23:00:00,Monthly,Hydro,Gigawatt-hour,France,2022-01,5992.777,,
ESTAT:NRG_CB_PEM(1.0),11/11/25 23:00:00,Monthly,Hydro,Gigawatt-hour,France,2022-02,4460.202,,
ESTAT:NRG_CB_PEM(1.0),11/11/25 23:00:00,Monthly,Hydro,Gigawatt-hour,France,2022-03,4660.399,,
ESTAT:NRG_CB_PEM(1.0),11/11/25 23:00:00,Monthly,Hydro,Gigawatt-hour,France,2022-04,5155.933,,
ESTAT:NRG_CB_PEM(1.0),11/11/25 23:00:00,Monthly,Hydro,Gigawatt-hour,France,2022-05,5079.882,,
ESTAT:NRG_CB_PEM(1.0),11/11/25 23:00:00,Monthly,Hydro,Gigawatt-hour,France,2022-06,4099.974,,
ESTAT:NRG_CB_PEM(1.0),11/11/25 23:00:00,Monthly,Hydro,Gigawatt-hour,France,2022-07,3541.261,,
ESTAT:NRG_CB_PEM(1.0),11/11/25 23:00:00,Monthly,Hydro,Gigawatt-hour,France,2022-08,2749.279,,
ESTAT:NRG_CB_PEM(1.0),11/11/25 23:00:00,Monthly,Hydro,Gigawatt-hour,France,2022-09,2505.552,,
ESTAT:NRG_CB_PEM(1.0),11/11/25 23:00:00,Monthly,Hydro,Gigawatt-hour,France,2022-10,3095.426,,
ESTAT:NRG_CB_PEM(1.0),11/11/25 23:00:00,Monthly,Hydro,Gigawatt-hour,France,2022-11,3888.872,,
ESTAT:NRG_CB_PEM(1.0),11/11/25 23:00:00,Monthly,Hydro,Gigawatt-hour,France,2022-12,5153.845,,
ESTAT:NRG_CB_PEM(1.0),11/11/25 23:00:00,Monthly,Hydro,Gigawatt-hour,France,2023-01,6444.352,e,
ESTAT:NRG_CB_PEM(1.0),11/11/25 23:00:00,Monthly,Hydro,Gigawatt-hour,France,2023-02,3662.049,e,
ESTAT:NRG_CB_PEM(1.0),11/11/25 23:00:00,Monthly,Hydro,Gigawatt-hour,France,2023-03,4702.683,e,
ESTAT:NRG_CB_PEM(1.0),11/11/25 23:00:00,Monthly,Hydro,Gigawatt-hour,France,2023-04,4660.961,e,
ESTAT:NRG_CB_PEM(1.0),11/11/25 23:00:00,Monthly,Hydro,Gigawatt-hour,France,2023-05,5471.596,e,
ESTAT:NRG_CB_PEM(1.0),11/11/25 23:00:00,Monthly,Hydro,Gigawatt-hour,France,2023-06,5849.197,e,
ESTAT:NRG_CB_PEM(1.0),11/11/25 23:00:00,Monthly,Hydro,Gigawatt-hour,France,2023-07,4065.676,e,
ESTAT:NRG_CB_PEM(1.0),11/11/25 23:00:00,Monthly,Hydro,Gigawatt-hour,France,2023-08,3657.816,e,
ESTAT:NRG_CB_PEM(1.0),11/11/25 23:00:00,Monthly,Hydro,Gigawatt-hour,France,2023-09,3258.005,e,
ESTAT:NRG_CB_PEM(1.0),11/11/25 23:00:00,Monthly,Hydro,Gigawatt-hour,France,2023-10,3659.840,e,
ESTAT:NRG_CB_PEM(1.0),11/11/25 23:00:00,Monthly,Hydro,Gigawatt-hour,France,2023-11,6742.446,,
ESTAT:NRG_CB_PEM(1.0),11/11/25 23:00:00,Monthly,Hydro,Gigawatt-hour,France,2023-12,7479.236,,
ESTAT:NRG_CB_PEM(1.0),11/11/25 23:00:00,Monthly,Hydro,Gigawatt-hour,France,2024-01,7889.249,,
ESTAT:NRG_CB_PEM(1.0),11/11/25 23:00:00,Monthly,Hydro,Gigawatt-hour,France,2024-02,6428.501,,
ESTAT:NRG_CB_PEM(1.0),11/11/25 23:00:00,Monthly,Hydro,Gigawatt-hour,France,2024-03,7597.214,,
ESTAT:NRG_CB_PEM(1.0),11/11/25 23:00:00,Monthly,Hydro,Gigawatt-hour,France,2024-04,6227.578,,
ESTAT:NRG_CB_PEM(1.0),11/11/25 23:00:00,Monthly,Hydro,Gigawatt-hour,France,2024-05,7823.662,,
ESTAT:NRG_CB_PEM(1.0),11/11/25 23:00:00,Monthly,Hydro,Gigawatt-hour,France,2024-06,6748.369,,
ESTAT:NRG_CB_PEM(1.0),11/11/25 23:00:00,Monthly,Hydro,Gigawatt-hour,France,2024-07,6017.742,,
ESTAT:NRG_CB_PEM(1.0),11/11/25 23:00:00,Monthly,Hydro,Gigawatt-hour,France,2024-08,4344.115,,
ESTAT:NRG_CB_PEM(1.0),11/11/25 23:00:00,Monthly,Hydro,Gigawatt-hour,France,2024-09,4092.257,,
ESTAT:NRG_CB_PEM(1.0),11/11/25 23:00:00,Monthly,Hydro,Gigawatt-hour,France,2024-10,6591.309,,
ESTAT:NRG_CB_PEM(1.0),11/11/25 23:00:00,Monthly,Hydro,Gigawatt-hour,France,2024-11,5340.934,,
ESTAT:NRG_CB_PEM(1.0),11/11/25 23:00:00,Monthly,Hydro,Gigawatt-hour,France,2024-12,6829.694,,
ESTAT:NRG_CB_PEM(1.0),11/11/25 23:00:00,Monthly,Hydro,Gigawatt-hour,France,2025-01,7351.948,,
ESTAT:NRG_CB_PEM(1.0),11/11/25 23:00:00,Monthly,Hydro,Gigawatt-hour,France,2025-02,6576.772,,
ESTAT:NRG_CB_PEM(1.0),11/11/25 23:00:00,Monthly,Hydro,Gigawatt-hour,France,2025-03,5539.520,,
ESTAT:NRG_CB_PEM(1.0),11/11/25 23:00:00,Monthly,Hydro,Gigawatt-hour,France,2025-04,5158.280,,
ESTAT:NRG_CB_PEM(1.0),11/11/25 23:00:00,Monthly,Hydro,Gigawatt-hour,France,2025-05,5628.952,,
ESTAT:NRG_CB_PEM(1.0),11/11/25 23:00:00,Monthly,Hydro,Gigawatt-hour,France,2025-06,5288.416,,
ESTAT:NRG_CB_PEM(1.0),11/11/25 23:00:00,Monthly,Hydro,Gigawatt-hour,France,2025-07,3821.976,,
ESTAT:NRG_CB_PEM(1.0),11/11/25 23:00:00,Monthly,Hydro,Gigawatt-hour,France,2025-08,3453.317,,
ESTAT:NRG_CB_PEM(1.0),11/11/25 23:00:00,Monthly,Hydro,Gigawatt-hour,Netherlands,2019-01,10.434,,
ESTAT:NRG_CB_PEM(1.0),11/11/25 23:00:00,Monthly,Hydro,Gigawatt-hour,Netherlands,2019-02,8.055,,
ESTAT:NRG_CB_PEM(1.0),11/11/25 23:00:00,Monthly,Hydro,Gigawatt-hour,Netherlands,2019-03,8.892,,
ESTAT:NRG_CB_PEM(1.0),11/11/25 23:00:00,Monthly,Hydro,Gigawatt-hour,Netherlands,2019-04,8.459,,
ESTAT:NRG_CB_PEM(1.0),11/11/25 23:00:00,Monthly,Hydro,Gigawatt-hour,Netherlands,2019-05,8.446,,
ESTAT:NRG_CB_PEM(1.0),11/11/25 23:00:00,Monthly,Hydro,Gigawatt-hour,Netherlands,2019-06,6.403,,
ESTAT:NRG_CB_PEM(1.0),11/11/25 23:00:00,Monthly,Hydro,Gigawatt-hour,Netherlands,2019-07,0.976,,
ESTAT:NRG_CB_PEM(1.0),11/11/25 23:00:00,Monthly,Hydro,Gigawatt-hour,Netherlands,2019-08,1.025,,
ESTAT:NRG_CB_PEM(1.0),11/11/25 23:00:00,Monthly,Hydro,Gigawatt-hour,Netherlands,2019-09,0.506,,
ESTAT:NRG_CB_PEM(1.0),11/11/25 23:00:00,Monthly,Hydro,Gigawatt-hour,Netherlands,2019-10,4.763,,
ESTAT:NRG_CB_PEM(1.0),11/11/25 23:00:00,Monthly,Hydro,Gigawatt-hour,Netherlands,2019-11,8.043,,
ESTAT:NRG_CB_PEM(1.0),11/11/25 23:00:00,Monthly,Hydro,Gigawatt-hour,Netherlands,2019-12,8.180,,
ESTAT:NRG_CB_PEM(1.0),11/11/25 23:00:00,Monthly,Hydro,Gigawatt-hour,Netherlands,2020-01,10.648,,
ESTAT:NRG_CB_PEM(1.0),11/11/25 23:00:00,Monthly,Hydro,Gigawatt-hour,Netherlands,2020-02,2.405,,
ESTAT:NRG_CB_PEM(1.0),11/11/25 23:00:00,Monthly,Hydro,Gigawatt-hour,Netherlands,2020-03,5.751,,
ESTAT:NRG_CB_PEM(1.0),11/11/25 23:00:00,Monthly,Hydro,Gigawatt-hour,Netherlands,2020-04,6.620,,
ESTAT:NRG_CB_PEM(1.0),11/11/25 23:00:00,Monthly,Hydro,Gigawatt-hour,Netherlands,2020-05,3.700,,
ESTAT:NRG_CB_PEM(1.0),11/11/25 23:00:00,Monthly,Hydro,Gigawatt-hour,Netherlands,2020-06,2.405,,
ESTAT:NRG_CB_PEM(1.0),11/11/25 23:00:00,Monthly,Hydro,Gigawatt-hour,Netherlands,2020-07,1.152,,
ESTAT:NRG_CB_PEM(1.0),11/11/25 23:00:00,Monthly,Hydro,Gigawatt-hour,Netherlands,2020-08,0.077,,
ESTAT:NRG_CB_PEM(1.0),11/11/25 23:00:00,Monthly,Hydro,Gigawatt-hour,Netherlands,2020-09,0.666,,
ESTAT:NRG_CB_PEM(1.0),11/11/25 23:00:00,Monthly,Hydro,Gigawatt-hour,Netherlands,2020-10,2.648,,
ESTAT:NRG_CB_PEM(1.0),11/11/25 23:00:00,Monthly,Hydro,Gigawatt-hour,Netherlands,2020-11,2.757,,
ESTAT:NRG_CB_PEM(1.0),11/11/25 23:00:00,Monthly,Hydro,Gigawatt-hour,Netherlands,2020-12,7.237,,
ESTAT:NRG_CB_PEM(1.0),11/11/25 23:00:00,Monthly,Hydro,Gigawatt-hour,Netherlands,2021-01,7.390,,
ESTAT:NRG_CB_PEM(1.0),11/11/25 23:00:00,Monthly,Hydro,Gigawatt-hour,Netherlands,2021-02,4.237,,
ESTAT:NRG_CB_PEM(1.0),11/11/25 23:00:00,Monthly,Hydro,Gigawatt-hour,Netherlands,2021-03,11.735,,
ESTAT:NRG_CB_PEM(1.0),11/11/25 23:00:00,Monthly,Hydro,Gigawatt-hour,Netherlands,2021-04,8.157,,
ESTAT:NRG_CB_PEM(1.0),11/11/25 23:00:00,Monthly,Hydro,Gigawatt-hour,Netherlands,2021-05,9.451,,
ESTAT:NRG_CB_PEM(1.0),11/11/25 23:00:00,Monthly,Hydro,Gigawatt-hour,Netherlands,2021-06,8.983,,
ESTAT:NRG_CB_PEM(1.0),11/11/25 23:00:00,Monthly,Hydro,Gigawatt-hour,Netherlands,2021-07,8.008,,
ESTAT:NRG_CB_PEM(1.0),11/11/25 23:00:00,Monthly,Hydro,Gigawatt-hour,Netherlands,2021-08,10.202,,
ESTAT:NRG_CB_PEM(1.0),11/11/25 23:00:00,Monthly,Hydro,Gigawatt-hour,Netherlands,2021-09,3.405,,
ESTAT:NRG_CB_PEM(1.0),11/11/25 23:00:00,Monthly,Hydro,Gigawatt-hour,Netherlands,2021-10,3.300,,
ESTAT:NRG_CB_PEM(1.0),11/11/25 23:00:00,Monthly,Hydro,Gigawatt-hour,Netherlands,2021-11,3.430,,
ESTAT:NRG_CB_PEM(1.0),11/11/25 23:00:00,Monthly,Hydro,Gigawatt-hour,Netherlands,2021-12,5.043,,
ESTAT:NRG_CB_PEM(1.0),11/11/25 23:00:00,Monthly,Hydro,Gigawatt-hour,Netherlands,2022-01,9.476,,
ESTAT:NRG_CB_PEM(1.0),11/11/25 23:00:00,Monthly,Hydro,Gigawatt-hour,Netherlands,2022-02,9.760,,
ESTAT:NRG_CB_PEM(1.0),11/11/25 23:00:00,Monthly,Hydro,Gigawatt-hour,Netherlands,2022-03,10.738,,
ESTAT:NRG_CB_PEM(1.0),11/11/25 23:00:00,Monthly,Hydro,Gigawatt-hour,Netherlands,2022-04,9.614,,
ESTAT:NRG_CB_PEM(1.0),11/11/25 23:00:00,Monthly,Hydro,Gigawatt-hour,Netherlands,2022-05,2.855,,
ESTAT:NRG_CB_PEM(1.0),11/11/25 23:00:00,Monthly,Hydro,Gigawatt-hour,Netherlands,2022-06,2.234,,
ESTAT:NRG_CB_PEM(1.0),11/11/25 23:00:00,Monthly,Hydro,Gigawatt-hour,Netherlands,2022-07,0.553,,
ESTAT:NRG_CB_PEM(1.0),11/11/25 23:00:00,Monthly,Hydro,Gigawatt-hour,Netherlands,2022-08,0.071,,
ESTAT:NRG_CB_PEM(1.0),11/11/25 23:00:00,Monthly,Hydro,Gigawatt-hour,Netherlands,2022-09,0.771,,
ESTAT:NRG_CB_PEM(1.0),11/11/25 23:00:00,Monthly,Hydro,Gigawatt-hour,Netherlands,2022-10,0.633,,
ESTAT:NRG_CB_PEM(1.0),11/11/25 23:00:00,Monthly,Hydro,Gigawatt-hour,Netherlands,2022-11,1.148,,
ESTAT:NRG_CB_PEM(1.0),11/11/25 23:00:00,Monthly,Hydro,Gigawatt-hour,Netherlands,2022-12,2.144,,
ESTAT:NRG_CB_PEM(1.0),11/11/25 23:00:00,Monthly,Hydro,Gigawatt-hour,Netherlands,2023-01,11.713,,
ESTAT:NRG_CB_PEM(1.0),11/11/25 23:00:00,Monthly,Hydro,Gigawatt-hour,Netherlands,2023-02,9.916,,
ESTAT:NRG_CB_PEM(1.0),11/11/25 23:00:00,Monthly,Hydro,Gigawatt-hour,Netherlands,2023-03,12.297,,
ESTAT:NRG_CB_PEM(1.0),11/11/25 23:00:00,Monthly,Hydro,Gigawatt-hour,Netherlands,2023-04,10.645,,
ESTAT:NRG_CB_PEM(1.0),11/11/25 23:00:00,Monthly,Hydro,Gigawatt-hour,Netherlands,2023-05,10.086,,
ESTAT:NRG_CB_PEM(1.0),11/11/25 23:00:00,Monthly,Hydro,Gigawatt-hour,Netherlands,2023-06,1.954,,
ESTAT:NRG_CB_PEM(1.0),11/11/25 23:00:00,Monthly,Hydro,Gigawatt-hour,Netherlands,2023-07,1.624,,
ESTAT:NRG_CB_PEM(1.0),11/11/25 23:00:00,Monthly,Hydro,Gigawatt-hour,Netherlands,2023-08,3.792,,
ESTAT:NRG_CB_PEM(1.0),11/11/25 23:00:00,Monthly,Hydro,Gigawatt-hour,Netherlands,2023-09,0.854,,
ESTAT:NRG_CB_PEM(1.0),11/11/25 23:00:00,Monthly,Hydro,Gigawatt-hour,Netherlands,2023-10,1.217,,
ESTAT:NRG_CB_PEM(1.0),11/11/25 23:00:00,Monthly,Hydro,Gigawatt-hour,Netherlands,2023-11,2.705,,
ESTAT:NRG_CB_PEM(1.0),11/11/25 23:00:00,Monthly,Hydro,Gigawatt-hour,Netherlands,2023-12,1.224,,
ESTAT:NRG_CB_PEM(1.0),11/11/25 23:00:00,Monthly,Hydro,Gigawatt-hour,Netherlands,2024-01,6.552,,
ESTAT:NRG_CB_PEM(1.0),11/11/25 23:00:00,Monthly,Hydro,Gigawatt-hour,Netherlands,2024-02,5.093,,
ESTAT:NRG_CB_PEM(1.0),11/11/25 23:00:00,Monthly,Hydro,Gigawatt-hour,Netherlands,2024-03,11.155,,
ESTAT:NRG_CB_PEM(1.0),11/11/25 23:00:00,Monthly,Hydro,Gigawatt-hour,Netherlands,2024-04,8.735,,
ESTAT:NRG_CB_PEM(1.0),11/11/25 23:00:00,Monthly,Hydro,Gigawatt-hour,Netherlands,2024-05,9.57,,
ESTAT:NRG_CB_PEM(1.0),11/11/25 23:00:00,Monthly,Hydro,Gigawatt-hour,Netherlands,2024-06,8.702,,
ESTAT:NRG_CB_PEM(1.0),11/11/25 23:00:00,Monthly,Hydro,Gigawatt-hour,Netherlands,2024-07,11.82,,
ESTAT:NRG_CB_PEM(1.0),11/11/25 23:00:00,Monthly,Hydro,Gigawatt-hour,Netherlands,2024-08,2.927,,
ESTAT:NRG_CB_PEM(1.0),11/11/25 23:00:00,Monthly,Hydro,Gigawatt-hour,Netherlands,2024-09,2.312,,
ESTAT:NRG_CB_PEM(1.0),11/11/25 23:00:00,Monthly,Hydro,Gigawatt-hour,Netherlands,2024-10,6.83,,
ESTAT:NRG_CB_PEM(1.0),11/11/25 23:00:00,Monthly,Hydro,Gigawatt-hour,Netherlands,2024-11,3.654,,
ESTAT:NRG_CB_PEM(1.0),11/11/25 23:00:00,Monthly,Hydro,Gigawatt-hour,Netherlands,2024-12,8.041,,
ESTAT:NRG_CB_PEM(1.0),11/11/25 23:00:00,Monthly,Hydro,Gigawatt-hour,Netherlands,2025-01,8.121,,
ESTAT:NRG_CB_PEM(1.0),11/11/25 23:00:00,Monthly,Hydro,Gigawatt-hour,Netherlands,2025-02,14.528,,
ESTAT:NRG_CB_PEM(1.0),11/11/25 23:00:00,Monthly,Hydro,Gigawatt-hour,Netherlands,2025-03,10.853,,
ESTAT:NRG_CB_PEM(1.0),11/11/25 23:00:00,Monthly,Hydro,Gigawatt-hour,Netherlands,2025-04,4.096,,
ESTAT:NRG_CB_PEM(1.0),11/11/25 23:00:00,Monthly,Hydro,Gigawatt-hour,Netherlands,2025-05,2.208,,
ESTAT:NRG_CB_PEM(1.0),11/11/25 23:00:00,Monthly,Hydro,Gigawatt-hour,Netherlands,2025-06,2.906,,
ESTAT:NRG_CB_PEM(1.0),11/11/25 23:00:00,Monthly,Hydro,Gigawatt-hour,Netherlands,2025-07,1.662,,
ESTAT:NRG_CB_PEM(1.0),11/11/25 23:00:00,Monthly,Hydro,Gigawatt-hour,Netherlands,2025-08,0.830,,
ESTAT:NRG_CB_PEM(1.0),11/11/25 23:00:00,Monthly,Hydro,Gigawatt-hour,Poland,2019-01,254.346,,
ESTAT:NRG_CB_PEM(1.0),11/11/25 23:00:00,Monthly,Hydro,Gigawatt-hour,Poland,2019-02,258.045,,
ESTAT:NRG_CB_PEM(1.0),11/11/25 23:00:00,Monthly,Hydro,Gigawatt-hour,Poland,2019-03,335.291,,
ESTAT:NRG_CB_PEM(1.0),11/11/25 23:00:00,Monthly,Hydro,Gigawatt-hour,Poland,2019-04,247.979,,
ESTAT:NRG_CB_PEM(1.0),11/11/25 23:00:00,Monthly,Hydro,Gigawatt-hour,Poland,2019-05,310.392,,
ESTAT:NRG_CB_PEM(1.0),11/11/25 23:00:00,Monthly,Hydro,Gigawatt-hour,Poland,2019-06,242.633,,
ESTAT:NRG_CB_PEM(1.0),11/11/25 23:00:00,Monthly,Hydro,Gigawatt-hour,Poland,2019-07,134.909,,
ESTAT:NRG_CB_PEM(1.0),11/11/25 23:00:00,Monthly,Hydro,Gigawatt-hour,Poland,2019-08,138.610,,
ESTAT:NRG_CB_PEM(1.0),11/11/25 23:00:00,Monthly,Hydro,Gigawatt-hour,Poland,2019-09,140.954,,
ESTAT:NRG_CB_PEM(1.0),11/11/25 23:00:00,Monthly,Hydro,Gigawatt-hour,Poland,2019-10,158.382,,
ESTAT:NRG_CB_PEM(1.0),11/11/25 23:00:00,Monthly,Hydro,Gigawatt-hour,Poland,2019-11,186.937,,
ESTAT:NRG_CB_PEM(1.0),11/11/25 23:00:00,Monthly,Hydro,Gigawatt-hour,Poland,2019-12,219.805,,
ESTAT:NRG_CB_PEM(1.0),11/11/25 23:00:00,Monthly,Hydro,Gigawatt-hour,Poland,2020-01,236.432,,
ESTAT:NRG_CB_PEM(1.0),11/11/25 23:00:00,Monthly,Hydro,Gigawatt-hour,Poland,2020-02,304.126,,
ESTAT:NRG_CB_PEM(1.0),11/11/25 23:00:00,Monthly,Hydro,Gigawatt-hour,Poland,2020-03,290.157,,
ESTAT:NRG_CB_PEM(1.0),11/11/25 23:00:00,Monthly,Hydro,Gigawatt-hour,Poland,2020-04,183.531,,
ESTAT:NRG_CB_PEM(1.0),11/11/25 23:00:00,Monthly,Hydro,Gigawatt-hour,Poland,2020-05,201.119,,
ESTAT:NRG_CB_PEM(1.0),11/11/25 23:00:00,Monthly,Hydro,Gigawatt-hour,Poland,2020-06,281.434,,
ESTAT:NRG_CB_PEM(1.0),11/11/25 23:00:00,Monthly,Hydro,Gigawatt-hour,Poland,2020-07,242.717,,
ESTAT:NRG_CB_PEM(1.0),11/11/25 23:00:00,Monthly,Hydro,Gigawatt-hour,Poland,2020-08,166.823,,
ESTAT:NRG_CB_PEM(1.0),11/11/25 23:00:00,Monthly,Hydro,Gigawatt-hour,Poland,2020-09,175.218,,
ESTAT:NRG_CB_PEM(1.0),11/11/25 23:00:00,Monthly,Hydro,Gigawatt-hour,Poland,2020-10,286.992,,
ESTAT:NRG_CB_PEM(1.0),11/11/25 23:00:00,Monthly,Hydro,Gigawatt-hour,Poland,2020-11,267.338,,
ESTAT:NRG_CB_PEM(1.0),11/11/25 23:00:00,Monthly,Hydro,Gigawatt-hour,Poland,2020-12,266.418,,
ESTAT:NRG_CB_PEM(1.0),11/11/25 23:00:00,Monthly,Hydro,Gigawatt-hour,Poland,2021-01,287.507,,
ESTAT:NRG_CB_PEM(1.0),11/11/25 23:00:00,Monthly,Hydro,Gigawatt-hour,Poland,2021-02,273.249,,
ESTAT:NRG_CB_PEM(1.0),11/11/25 23:00:00,Monthly,Hydro,Gigawatt-hour,Poland,2021-03,329.292,,
ESTAT:NRG_CB_PEM(1.0),11/11/25 23:00:00,Monthly,Hydro,Gigawatt-hour,Poland,2021-04,317.460,,
ESTAT:NRG_CB_PEM(1.0),11/11/25 23:00:00,Monthly,Hydro,Gigawatt-hour,Poland,2021-05,340.024,,
ESTAT:NRG_CB_PEM(1.0),11/11/25 23:00:00,Monthly,Hydro,Gigawatt-hour,Poland,2021-06,190.169,,
ESTAT:NRG_CB_PEM(1.0),11/11/25 23:00:00,Monthly,Hydro,Gigawatt-hour,Poland,2021-07,196.427,,
ESTAT:NRG_CB_PEM(1.0),11/11/25 23:00:00,Monthly,Hydro,Gigawatt-hour,Poland,2021-08,228.850,,
ESTAT:NRG_CB_PEM(1.0),11/11/25 23:00:00,Monthly,Hydro,Gigawatt-hour,Poland,2021-09,268.754,,
ESTAT:NRG_CB_PEM(1.0),11/11/25 23:00:00,Monthly,Hydro,Gigawatt-hour,Poland,2021-10,224.311,,
ESTAT:NRG_CB_PEM(1.0),11/11/25 23:00:00,Monthly,Hydro,Gigawatt-hour,Poland,2021-11,189.615,,
ESTAT:NRG_CB_PEM(1.0),11/11/25 23:00:00,Monthly,Hydro,Gigawatt-hour,Poland,2021-12,222.669,,
ESTAT:NRG_CB_PEM(1.0),11/11/25 23:00:00,Monthly,Hydro,Gigawatt-hour,Poland,2022-01,309.981,,
ESTAT:NRG_CB_PEM(1.0),11/11/25 23:00:00,Monthly,Hydro,Gigawatt-hour,Poland,2022-02,345.299,,
ESTAT:NRG_CB_PEM(1.0),11/11/25 23:00:00,Monthly,Hydro,Gigawatt-hour,Poland,2022-03,276.437,,
ESTAT:NRG_CB_PEM(1.0),11/11/25 23:00:00,Monthly,Hydro,Gigawatt-hour,Poland,2022-04,328.748,,
ESTAT:NRG_CB_PEM(1.0),11/11/25 23:00:00,Monthly,Hydro,Gigawatt-hour,Poland,2022-05,246.016,,
ESTAT:NRG_CB_PEM(1.0),11/11/25 23:00:00,Monthly,Hydro,Gigawatt-hour,Poland,2022-06,207.611,,
ESTAT:NRG_CB_PEM(1.0),11/11/25 23:00:00,Monthly,Hydro,Gigawatt-hour,Poland,2022-07,176.175,,
ESTAT:NRG_CB_PEM(1.0),11/11/25 23:00:00,Monthly,Hydro,Gigawatt-hour,Poland,2022-08,194.818,,
ESTAT:NRG_CB_PEM(1.0),11/11/25 23:00:00,Monthly,Hydro,Gigawatt-hour,Poland,2022-09,212.869,,
ESTAT:NRG_CB_PEM(1.0),11/11/25 23:00:00,Monthly,Hydro,Gigawatt-hour,Poland,2022-10,236.308,,
ESTAT:NRG_CB_PEM(1.0),11/11/25 23:00:00,Monthly,Hydro,Gigawatt-hour,Poland,2022-11,203.955,,
ESTAT:NRG_CB_PEM(1.0),11/11/25 23:00:00,Monthly,Hydro,Gigawatt-hour,Poland,2022-12,250.192,,
ESTAT:NRG_CB_PEM(1.0),11/11/25 23:00:00,Monthly,Hydro,Gigawatt-hour,Poland,2023-01,327.686,,
ESTAT:NRG_CB_PEM(1.0),11/11/25 23:00:00,Monthly,Hydro,Gigawatt-hour,Poland,2023-02,357.593,,
ESTAT:NRG_CB_PEM(1.0),11/11/25 23:00:00,Monthly,Hydro,Gigawatt-hour,Poland,2023-03,404.302,,
ESTAT:NRG_CB_PEM(1.0),11/11/25 23:00:00,Monthly,Hydro,Gigawatt-hour,Poland,2023-04,374.880,,
ESTAT:NRG_CB_PEM(1.0),11/11/25 23:00:00,Monthly,Hydro,Gigawatt-hour,Poland,2023-05,329.252,,
ESTAT:NRG_CB_PEM(1.0),11/11/25 23:00:00,Monthly,Hydro,Gigawatt-hour,Poland,2023-06,245.924,,
ESTAT:NRG_CB_PEM(1.0),11/11/25 23:00:00,Monthly,Hydro,Gigawatt-hour,Poland,2023-07,228.855,,
ESTAT:NRG_CB_PEM(1.0),11/11/25 23:00:00,Monthly,Hydro,Gigawatt-hour,Poland,2023-08,276.894,,
ESTAT:NRG_CB_PEM(1.0),11/11/25 23:00:00,Monthly,Hydro,Gigawatt-hour,Poland,2023-09,222.396,,
ESTAT:NRG_CB_PEM(1.0),11/11/25 23:00:00,Monthly,Hydro,Gigawatt-hour,Poland,2023-10,231.780,,
ESTAT:NRG_CB_PEM(1.0),11/11/25 23:00:00,Monthly,Hydro,Gigawatt-hour,Poland,2023-11,289.939,,
ESTAT:NRG_CB_PEM(1.0),11/11/25 23:00:00,Monthly,Hydro,Gigawatt-hour,Poland,2023-12,377.396,,
ESTAT:NRG_CB_PEM(1.0),11/11/25 23:00:00,Monthly,Hydro,Gigawatt-hour,Poland,2024-01,432.125,,
ESTAT:NRG_CB_PEM(1.0),11/11/25 23:00:00,Monthly,Hydro,Gigawatt-hour,Poland,2024-02,423.044,,
ESTAT:NRG_CB_PEM(1.0),11/11/25 23:00:00,Monthly,Hydro,Gigawatt-hour,Poland,2024-03,396.098,,
ESTAT:NRG_CB_PEM(1.0),11/11/25 23:00:00,Monthly,Hydro,Gigawatt-hour,Poland,2024-04,348.356,,
ESTAT:NRG_CB_PEM(1.0),11/11/25 23:00:00,Monthly,Hydro,Gigawatt-hour,Poland,2024-05,254.775,,
ESTAT:NRG_CB_PEM(1.0),11/11/25 23:00:00,Monthly,Hydro,Gigawatt-hour,Poland,2024-06,201.389,,
ESTAT:NRG_CB_PEM(1.0),11/11/25 23:00:00,Monthly,Hydro,Gigawatt-hour,Poland,2024-07,177.531,,
ESTAT:NRG_CB_PEM(1.0),11/11/25 23:00:00,Monthly,Hydro,Gigawatt-hour,Poland,2024-08,169.503,,
ESTAT:NRG_CB_PEM(1.0),11/11/25 23:00:00,Monthly,Hydro,Gigawatt-hour,Poland,2024-09,155.184,,
ESTAT:NRG_CB_PEM(1.0),11/11/25 23:00:00,Monthly,Hydro,Gigawatt-hour,Poland,2024-10,182.916,,
ESTAT:NRG_CB_PEM(1.0),11/11/25 23:00:00,Monthly,Hydro,Gigawatt-hour,Poland,2024-11,164.243,,
ESTAT:NRG_CB_PEM(1.0),11/11/25 23:00:00,Monthly,Hydro,Gigawatt-hour,Poland,2024-12,200.062,,
ESTAT:NRG_CB_PEM(1.0),11/11/25 23:00:00,Monthly,Hydro,Gigawatt-hour,Poland,2025-01,231.162,,
ESTAT:NRG_CB_PEM(1.0),11/11/25 23:00:00,Monthly,Hydro,Gigawatt-hour,Poland,2025-02,193.402,,
ESTAT:NRG_CB_PEM(1.0),11/11/25 23:00:00,Monthly,Hydro,Gigawatt-hour,Poland,2025-03,232.155,,
ESTAT:NRG_CB_PEM(1.0),11/11/25 23:00:00,Monthly,Hydro,Gigawatt-hour,Poland,2025-04,230.543,,
ESTAT:NRG_CB_PEM(1.0),11/11/25 23:00:00,Monthly,Hydro,Gigawatt-hour,Poland,2025-05,230.198,,
ESTAT:NRG_CB_PEM(1.0),11/11/25 23:00:00,Monthly,Hydro,Gigawatt-hour,Poland,2025-06,209.344,,
ESTAT:NRG_CB_PEM(1.0),11/11/25 23:00:00,Monthly,Hydro,Gigawatt-hour,Poland,2025-07,200.735,,
ESTAT:NRG_CB_PEM(1.0),11/11/25 23:00:00,Monthly,Hydro,Gigawatt-hour,Poland,2025-08,199.785,,
ESTAT:NRG_CB_PEM(1.0),11/11/25 23:00:00,Monthly,Hydro,Gigawatt-hour,Sweden,2019-01,6406.565,,
ESTAT:NRG_CB_PEM(1.0),11/11/25 23:00:00,Monthly,Hydro,Gigawatt-hour,Sweden,2019-02,5456.107,,
ESTAT:NRG_CB_PEM(1.0),11/11/25 23:00:00,Monthly,Hydro,Gigawatt-hour,Sweden,2019-03,5766.086,,
ESTAT:NRG_CB_PEM(1.0),11/11/25 23:00:00,Monthly,Hydro,Gigawatt-hour,Sweden,2019-04,5379.635,,
ESTAT:NRG_CB_PEM(1.0),11/11/25 23:00:00,Monthly,Hydro,Gigawatt-hour,Sweden,2019-05,5367.885,,
ESTAT:NRG_CB_PEM(1.0),11/11/25 23:00:00,Monthly,Hydro,Gigawatt-hour,Sweden,2019-06,4889.143,,
ESTAT:NRG_CB_PEM(1.0),11/11/25 23:00:00,Monthly,Hydro,Gigawatt-hour,Sweden,2019-07,4950.465,,
ESTAT:NRG_CB_PEM(1.0),11/11/25 23:00:00,Monthly,Hydro,Gigawatt-hour,Sweden,2019-08,3827.201,,
ESTAT:NRG_CB_PEM(1.0),11/11/25 23:00:00,Monthly,Hydro,Gigawatt-hour,Sweden,2019-09,4464.354,,
ESTAT:NRG_CB_PEM(1.0),11/11/25 23:00:00,Monthly,Hydro,Gigawatt-hour,Sweden,2019-10,5660.086,,
ESTAT:NRG_CB_PEM(1.0),11/11/25 23:00:00,Monthly,Hydro,Gigawatt-hour,Sweden,2019-11,6333.065,,
ESTAT:NRG_CB_PEM(1.0),11/11/25 23:00:00,Monthly,Hydro,Gigawatt-hour,Sweden,2019-12,6121.831,,
ESTAT:NRG_CB_PEM(1.0),11/11/25 23:00:00,Monthly,Hydro,Gigawatt-hour,Sweden,2020-01,5931.120,,
ESTAT:NRG_CB_PEM(1.0),11/11/25 23:00:00,Monthly,Hydro,Gigawatt-hour,Sweden,2020-02,6441.939,,
ESTAT:NRG_CB_PEM(1.0),11/11/25 23:00:00,Monthly,Hydro,Gigawatt-hour,Sweden,2020-03,6998.071,,
ESTAT:NRG_CB_PEM(1.0),11/11/25 23:00:00,Monthly,Hydro,Gigawatt-hour,Sweden,2020-04,6218.218,,
ESTAT:NRG_CB_PEM(1.0),11/11/25 23:00:00,Monthly,Hydro,Gigawatt-hour,Sweden,2020-05,6078.770,,
ESTAT:NRG_CB_PEM(1.0),11/11/25 23:00:00,Monthly,Hydro,Gigawatt-hour,Sweden,2020-06,5341.204,,
ESTAT:NRG_CB_PEM(1.0),11/11/25 23:00:00,Monthly,Hydro,Gigawatt-hour,Sweden,2020-07,4692.470,,
ESTAT:NRG_CB_PEM(1.0),11/11/25 23:00:00,Monthly,Hydro,Gigawatt-hour,Sweden,2020-08,5865.633,,
ESTAT:NRG_CB_PEM(1.0),11/11/25 23:00:00,Monthly,Hydro,Gigawatt-hour,Sweden,2020-09,4640.956,,
ESTAT:NRG_CB_PEM(1.0),11/11/25 23:00:00,Monthly,Hydro,Gigawatt-hour,Sweden,2020-10,5702.227,,
ESTAT:NRG_CB_PEM(1.0),11/11/25 23:00:00,Monthly,Hydro,Gigawatt-hour,Sweden,2020-11,6190.012,,
ESTAT:NRG_CB_PEM(1.0),11/11/25 23:00:00,Monthly,Hydro,Gigawatt-hour,Sweden,2020-12,7114.087,,
ESTAT:NRG_CB_PEM(1.0),11/11/25 23:00:00,Monthly,Hydro,Gigawatt-hour,Sweden,2021-01,8101.000,,
ESTAT:NRG_CB_PEM(1.0),11/11/25 23:00:00,Monthly,Hydro,Gigawatt-hour,Sweden,2021-02,6814.000,,
ESTAT:NRG_CB_PEM(1.0),11/11/25 23:00:00,Monthly,Hydro,Gigawatt-hour,Sweden,2021-03,6325.000,,
ESTAT:NRG_CB_PEM(1.0),11/11/25 23:00:00,Monthly,Hydro,Gigawatt-hour,Sweden,2021-04,5870.000,,
ESTAT:NRG_CB_PEM(1.0),11/11/25 23:00:00,Monthly,Hydro,Gigawatt-hour,Sweden,2021-05,6255.000,,
ESTAT:NRG_CB_PEM(1.0),11/11/25 23:00:00,Monthly,Hydro,Gigawatt-hour,Sweden,2021-06,5380.000,,
ESTAT:NRG_CB_PEM(1.0),11/11/25 23:00:00,Monthly,Hydro,Gigawatt-hour,Sweden,2021-07,5468.000,,
ESTAT:NRG_CB_PEM(1.0),11/11/25 23:00:00,Monthly,Hydro,Gigawatt-hour,Sweden,2021-08,5493.000,,
ESTAT:NRG_CB_PEM(1.0),11/11/25 23:00:00,Monthly,Hydro,Gigawatt-hour,Sweden,2021-09,4980.000,,
ESTAT:NRG_CB_PEM(1.0),11/11/25 23:00:00,Monthly,Hydro,Gigawatt-hour,Sweden,2021-10,5377.000,,
ESTAT:NRG_CB_PEM(1.0),11/11/25 23:00:00,Monthly,Hydro,Gigawatt-hour,Sweden,2021-11,6283.000,,
ESTAT:NRG_CB_PEM(1.0),11/11/25 23:00:00,Monthly,Hydro,Gigawatt-hour,Sweden,2021-12,7263.000,,
ESTAT:NRG_CB_PEM(1.0),11/11/25 23:00:00,Monthly,Hydro,Gigawatt-hour,Sweden,2022-01,6175.000,,
ESTAT:NRG_CB_PEM(1.0),11/11/25 23:00:00,Monthly,Hydro,Gigawatt-hour,Sweden,2022-02,6010.000,,
ESTAT:NRG_CB_PEM(1.0),11/11/25 23:00:00,Monthly,Hydro,Gigawatt-hour,Sweden,2022-03,5979.000,,
ESTAT:NRG_CB_PEM(1.0),11/11/25 23:00:00,Monthly,Hydro,Gigawatt-hour,Sweden,2022-04,5705.000,,
ESTAT:NRG_CB_PEM(1.0),11/11/25 23:00:00,Monthly,Hydro,Gigawatt-hour,Sweden,2022-05,5178.000,,
ESTAT:NRG_CB_PEM(1.0),11/11/25 23:00:00,Monthly,Hydro,Gigawatt-hour,Sweden,2022-06,5379.000,,
ESTAT:NRG_CB_PEM(1.0),11/11/25 23:00:00,Monthly,Hydro,Gigawatt-hour,Sweden,2022-07,5650.000,,
ESTAT:NRG_CB_PEM(1.0),11/11/25 23:00:00,Monthly,Hydro,Gigawatt-hour,Sweden,2022-08,5778.000,,
ESTAT:NRG_CB_PEM(1.0),11/11/25 23:00:00,Monthly,Hydro,Gigawatt-hour,Sweden,2022-09,5723.000,,
ESTAT:NRG_CB_PEM(1.0),11/11/25 23:00:00,Monthly,Hydro,Gigawatt-hour,Sweden,2022-10,5199.000,,
ESTAT:NRG_CB_PEM(1.0),11/11/25 23:00:00,Monthly,Hydro,Gigawatt-hour,Sweden,2022-11,6310.000,,
ESTAT:NRG_CB_PEM(1.0),11/11/25 23:00:00,Monthly,Hydro,Gigawatt-hour,Sweden,2022-12,6501.000,,
ESTAT:NRG_CB_PEM(1.0),11/11/25 23:00:00,Monthly,Hydro,Gigawatt-hour,Sweden,2023-01,6068.000,,
ESTAT:NRG_CB_PEM(1.0),11/11/25 23:00:00,Monthly,Hydro,Gigawatt-hour,Sweden,2023-02,5737.000,,
ESTAT:NRG_CB_PEM(1.0),11/11/25 23:00:00,Monthly,Hydro,Gigawatt-hour,Sweden,2023-03,6530.000,,
ESTAT:NRG_CB_PEM(1.0),11/11/25 23:00:00,Monthly,Hydro,Gigawatt-hour,Sweden,2023-04,5455.000,,
ESTAT:NRG_CB_PEM(1.0),11/11/25 23:00:00,Monthly,Hydro,Gigawatt-hour,Sweden,2023-05,4983.000,,
ESTAT:NRG_CB_PEM(1.0),11/11/25 23:00:00,Monthly,Hydro,Gigawatt-hour,Sweden,2023-06,3922.000,,
ESTAT:NRG_CB_PEM(1.0),11/11/25 23:00:00,Monthly,Hydro,Gigawatt-hour,Sweden,2023-07,3765.000,,
ESTAT:NRG_CB_PEM(1.0),11/11/25 23:00:00,Monthly,Hydro,Gigawatt-hour,Sweden,2023-08,5445.000,,
ESTAT:NRG_CB_PEM(1.0),11/11/25 23:00:00,Monthly,Hydro,Gigawatt-hour,Sweden,2023-09,4331.000,,
ESTAT:NRG_CB_PEM(1.0),11/11/25 23:00:00,Monthly,Hydro,Gigawatt-hour,Sweden,2023-10,5901.000,,
ESTAT:NRG_CB_PEM(1.0),11/11/25 23:00:00,Monthly,Hydro,Gigawatt-hour,Sweden,2023-11,6805.000,,
ESTAT:NRG_CB_PEM(1.0),11/11/25 23:00:00,Monthly,Hydro,Gigawatt-hour,Sweden,2023-12,6795.000,,
ESTAT:NRG_CB_PEM(1.0),11/11/25 23:00:00,Monthly,Hydro,Gigawatt-hour,Sweden,2024-01,6559.226,,
ESTAT:NRG_CB_PEM(1.0),11/11/25 23:00:00,Monthly,Hydro,Gigawatt-hour,Sweden,2024-02,5993.299,,
ESTAT:NRG_CB_PEM(1.0),11/11/25 23:00:00,Monthly,Hydro,Gigawatt-hour,Sweden,2024-03,6545.354,,
ESTAT:NRG_CB_PEM(1.0),11/11/25 23:00:00,Monthly,Hydro,Gigawatt-hour,Sweden,2024-04,5439.739,,
ESTAT:NRG_CB_PEM(1.0),11/11/25 23:00:00,Monthly,Hydro,Gigawatt-hour,Sweden,2024-05,5592.230,,
ESTAT:NRG_CB_PEM(1.0),11/11/25 23:00:00,Monthly,Hydro,Gigawatt-hour,Sweden,2024-06,4274.031,,
ESTAT:NRG_CB_PEM(1.0),11/11/25 23:00:00,Monthly,Hydro,Gigawatt-hour,Sweden,2024-07,4399.399,,
ESTAT:NRG_CB_PEM(1.0),11/11/25 23:00:00,Monthly,Hydro,Gigawatt-hour,Sweden,2024-08,4186.523,,
ESTAT:NRG_CB_PEM(1.0),11/11/25 23:00:00,Monthly,Hydro,Gigawatt-hour,Sweden,2024-09,4991.958,,
ESTAT:NRG_CB_PEM(1.0),11/11/25 23:00:00,Monthly,Hydro,Gigawatt-hour,Sweden,2024-10,5233.457,,
ESTAT:NRG_CB_PEM(1.0),11/11/25 23:00:00,Monthly,Hydro,Gigawatt-hour,Sweden,2024-11,5563.335,,
ESTAT:NRG_CB_PEM(1.0),11/11/25 23:00:00,Monthly,Hydro,Gigawatt-hour,Sweden,2024-12,5526.308,,
ESTAT:NRG_CB_PEM(1.0),11/11/25 23:00:00,Monthly,Hydro,Gigawatt-hour,Sweden,2025-01,6846.441,,
ESTAT:NRG_CB_PEM(1.0),11/11/25 23:00:00,Monthly,Hydro,Gigawatt-hour,Sweden,2025-02,6389.211,,
ESTAT:NRG_CB_PEM(1.0),11/11/25 23:00:00,Monthly,Hydro,Gigawatt-hour,Sweden,2025-03,5713.009,,
ESTAT:NRG_CB_PEM(1.0),11/11/25 23:00:00,Monthly,Hydro,Gigawatt-hour,Sweden,2025-04,5512.057,,
ESTAT:NRG_CB_PEM(1.0),11/11/25 23:00:00,Monthly,Hydro,Gigawatt-hour,Sweden,2025-05,4300.698,,
ESTAT:NRG_CB_PEM(1.0),11/11/25 23:00:00,Monthly,Hydro,Gigawatt-hour,Sweden,2025-06,4116.794,,
ESTAT:NRG_CB_PEM(1.0),11/11/25 23:00:00,Monthly,Hydro,Gigawatt-hour,Sweden,2025-07,5972.675,,
ESTAT:NRG_CB_PEM(1.0),11/11/25 23:00:00,Monthly,Hydro,Gigawatt-hour,Sweden,2025-08,5127.415,,
